"","title","artists","album_name","year","season","popularity","acousticness","danceability","energy","instrumentalness","liveness","loudness","speechiness","tempo","key","mode","duration_ms","valence","time_signature","track.id","genre_1","genre_2","genre_3","genre_4","genre_5","genre_6","genre_7","genre_8","genre_9","genre_10","genre_11"
"1","In The Heat Of The Morning","The Last Shadow Puppets","The Age Of The Understatement","2008","Spring",56,3.04e-05,0.339,0.881,4.83e-05,0.119,-6.524,0.0668,126.367,"7","1",161333,0.59,"4","2pAm0eho3UtxAK1bsRuOK7","baroque pop","modern rock","sheffield indie",NA,NA,NA,NA,NA,NA,NA,NA
"2","Miracle Aligner","The Last Shadow Puppets","Everything You've Come To Expect (Deluxe Edition)","2016","Winter",64,0.0124,0.562,0.724,1.42e-06,0.223,-8.627,0.0271,113.056,"6","0",245727,0.855,"4","4iwpCp7qdDLngGI3gsVTza","baroque pop","modern rock","sheffield indie",NA,NA,NA,NA,NA,NA,NA,NA
"3","Wet Sand","Red Hot Chili Peppers","Stadium Arcadium","2006","Spring",68,0.0313,0.313,0.753,2.25e-06,0.142,-3.921,0.0285,176.748,"4","0",309800,0.514,"4","3L2Nyi3T7XabH8EEZFLDdX","alternative rock","funk metal","funk rock","permanent wave","rock",NA,NA,NA,NA,NA,NA
"4","Norwegian Wood (This Bird Has Flown) - Remastered 2009","The Beatles","Rubber Soul (Remastered)","1965","Winter",74,0.183,0.425,0.369,0.00126,0.112,-11.876,0.0379,176.625,"4","1",124693,0.65,"3","1H7gMYGykdtwZOV6s1N0by","beatlesque","british invasion","classic rock","merseybeat","psychedelic rock","rock",NA,NA,NA,NA,NA
"5","Make It Wit Chu","Queens of the Stone Age","Era Vulgaris","2007","Winter",66,0.413,0.708,0.828,0.000104,0.12,-5.286,0.0286,91.977,"9","1",290493,0.505,"4","6GyDY0yE47rfk8pcuKhioh","alternative metal","alternative rock","grunge","modern rock","nu metal","palm desert scene","rock","stoner metal","stoner rock",NA,NA
"6","Little Wing","Jimi Hendrix","Axis: Bold As Love","1967","Winter",74,0.181,0.515,0.534,0.00278,0.0547,-8.045,0.0768,70.776,"6","1",145746,0.426,"4","1Eolhana7nKHYpcYpdVcT5","acid rock","album rock","alternative rock","classic rock","hard rock","proto-metal","psychedelic rock","rock",NA,NA,NA
"7","Touch Me","The Doors","The Soft Parade","1969","Summer",68,0.405,0.425,0.903,0.0128,0.117,-4.801,0.0732,108.748,"1","1",190253,0.769,"4","4BVE5tIIpYabZcYCbephNW","acid rock","album rock","classic rock","hard rock","psychedelic rock","rock",NA,NA,NA,NA,NA
"8","Kids","MGMT","Oracular Spectacular","2007","Winter",80,0.00076,0.451,0.931,0.0049,0.361,-3.871,0.0719,122.961,"9","1",302840,0.172,"4","1jJci4qxiYcOHhQR247rEU","alternative rock","indie rock","indietronica","modern rock","rock",NA,NA,NA,NA,NA,NA
"9","Don't Let Me Down - Remastered 2009","The Beatles","The Beatles 1967 - 1970 (Remastered)","1973","Spring",69,0.568,0.593,0.289,0.000829,0.0928,-11.049,0.0259,77.119,"4","1",215733,0.733,"4","3evG0BIqEFMMP7lVJh1cSf","beatlesque","british invasion","classic rock","merseybeat","psychedelic rock","rock",NA,NA,NA,NA,NA
"10","Gas Dance","The Last Shadow Puppets","Standing Next To Me","2008","Summer",45,0.0801,0.354,0.708,0.00227,0.135,-7.472,0.0441,130.449,"0","1",219880,0.475,"4","3GVF9xpMZfIWDjpOszCc0g","baroque pop","modern rock","sheffield indie",NA,NA,NA,NA,NA,NA,NA,NA
"11","Hurdy Gurdy Man","Donovan","The Hurdy Gurdy Man","1968","missing",58,0.00379,0.405,0.463,0.0442,0.392,-16.167,0.0542,79.451,"0","1",193466,0.542,"4","7AL6qzIDHIX7pEUWrzNiIs","british blues","british folk","british invasion","classic rock","folk","folk rock","glam rock","psychedelic folk","psychedelic rock","scottish singer-songwriter","singer-songwriter"
"12","Jumpin' Jack Flash","The Rolling Stones","Jumpin' Jack Flash / Child Of The Moon","2021","Spring",61,0.0744,0.595,0.885,0.534,0.0844,-7.688,0.0518,137.243,"3","1",222933,0.643,"4","1uBsu3PbD2909UBIfEMLvK","album rock","british invasion","classic rock","rock",NA,NA,NA,NA,NA,NA,NA
"13","Helter Skelter - Remastered 2009","The Beatles","The Beatles (Remastered)","1968","Autumn",62,0.000606,0.166,0.831,0.846,0.811,-8.469,0.0894,167.518,"9","1",269786,0.281,"4","0Bs0hUYxz7REyIHH7tRhL2","beatlesque","british invasion","classic rock","merseybeat","psychedelic rock","rock",NA,NA,NA,NA,NA
"14","You're So Dark","Arctic Monkeys","One For The Road","2013","Winter",63,0.258,0.484,0.649,0.0116,0.0898,-7.479,0.0561,151.537,"11","0",182751,0.838,"4","40DwUg5zPX8H23WpTdD2iW","garage rock","modern rock","permanent wave","rock","sheffield indie",NA,NA,NA,NA,NA,NA
"15","Monkey Gone to Heaven","Pixies","Doolittle","1989","Spring",68,0.00418,0.654,0.39,0.0069,0.271,-10.638,0.0307,116.572,"6","0",175333,0.566,"4","6BT7qiDY4A5tOyklohjQuW","alternative rock","boston rock","permanent wave","rock",NA,NA,NA,NA,NA,NA,NA
"16","My Sweet Lord - 2014 Remaster","George Harrison","All Things Must Pass (2014 Remaster)","1970","Autumn",77,0.083,0.539,0.69,0,0.0847,-9.019,0.0332,120.983,"1","0",281231,0.553,"4","6vE90mi4yKsQGY3YD2OOv1","album rock","beatlesque","classic rock","folk rock","mellow gold","rock","singer-songwriter","soft rock",NA,NA,NA
"17","I've Got A Feeling - Remastered 2009","The Beatles","Let It Be (Remastered)","1970","Spring",59,0.0715,0.44,0.609,0,0.582,-8.824,0.0358,165.156,"2","1",217560,0.364,"4","3gwRWIbr5ycEVLIAXrWaw7","beatlesque","british invasion","classic rock","merseybeat","psychedelic rock","rock",NA,NA,NA,NA,NA
"18","Love Will Tear Us Apart - 2020 Remaster","Joy Division","Love Will Tear Us Apart","1980","Summer",74,0.000541,0.527,0.923,0.765,0.127,-7.458,0.0379,146.924,"2","1",208453,0.899,"4","34iOH7LY3vme5rQxsVILZ4","alternative rock","art rock","indie rock","madchester","new wave","post-punk","punk","rock","uk post-punk",NA,NA
"19","Standing Next To Me","The Last Shadow Puppets","The Age Of The Understatement","2008","Spring",64,0.00116,0.322,0.95,1.75e-06,0.263,-6.287,0.101,182.778,"9","0",142653,0.574,"4","03F0Hspx6mEkiiYqEzVu5u","baroque pop","modern rock","sheffield indie",NA,NA,NA,NA,NA,NA,NA,NA
"20","Get It On","T. Rex","Electric Warrior","1971","Autumn",73,0.176,0.728,0.878,0.856,0.61,-6.926,0.0564,126.59,"11","0",262613,0.911,"4","0LoQuiekvzqx7n8flgEKzF","british blues","classic rock","glam rock","protopunk","rock",NA,NA,NA,NA,NA,NA
"21","Something - Remastered 2009","The Beatles","Abbey Road (Remastered)","1969","Autumn",75,0.198,0.396,0.338,2.62e-06,0.138,-10.872,0.0304,133.522,"0","1",182293,0.377,"4","0pNeVovbiZHkulpGeOx1Gj","beatlesque","british invasion","classic rock","merseybeat","psychedelic rock","rock",NA,NA,NA,NA,NA
"22","Black Summer","Red Hot Chili Peppers","Black Summer","2022","Winter",67,0.0267,0.417,0.682,0.000669,0.109,-5.071,0.0295,105.542,"1","1",232412,0.351,"4","3a94TbZOxhkI9xuNwYL53b","alternative rock","funk metal","funk rock","permanent wave","rock",NA,NA,NA,NA,NA,NA
"23","Sweet Dreams, TN","The Last Shadow Puppets","Everything You've Come To Expect (Deluxe Edition)","2016","Winter",68,0.000878,0.282,0.566,0,0.38,-6.924,0.0291,112.362,"11","0",236252,0.477,"3","1W0OCrMsRP1SLTEdw3JwEz","baroque pop","modern rock","sheffield indie",NA,NA,NA,NA,NA,NA,NA,NA
"24","Bam Bam Twist (feat. Gow Tribe, Frenetik&Orang3)","Achille Lauro","1969 - Achille Idol Rebirth","2020","Autumn",57,0.00391,0.573,0.886,0.000447,0.152,-4.322,0.054,159.975,"2","1",174638,0.487,"4","5i12eplaUT5pPE5iC6B2FZ","italian adult pop","italian hip hop","italian pop",NA,NA,NA,NA,NA,NA,NA,NA
"25","Get Back - Remastered 2009","The Beatles","Let It Be (Remastered)","1970","Spring",71,0.492,0.761,0.592,0.00626,0.61,-9.836,0.0586,123.095,"2","1",189386,0.332,"4","4MLBqAEzNN89o2M9h92Z26","beatlesque","british invasion","classic rock","merseybeat","psychedelic rock","rock",NA,NA,NA,NA,NA
"26","By the Way","Red Hot Chili Peppers","By the Way (Deluxe Edition)","2002","Summer",79,0.0264,0.451,0.97,0.00355,0.102,-4.938,0.107,122.444,"0","1",216933,0.198,"4","1f2V8U1BiWaC9aJWmpOARe","alternative rock","funk metal","funk rock","permanent wave","rock",NA,NA,NA,NA,NA,NA
"27","Black Treacle","Arctic Monkeys","Suck It and See","2011","Summer",61,0.000821,0.343,0.89,0,0.0912,-5.759,0.0655,100.061,"7","1",217440,0.525,"4","7EUcOIbJSePmXGvAe7G79C","garage rock","modern rock","permanent wave","rock","sheffield indie",NA,NA,NA,NA,NA,NA
"28","Another One Bites The Dust - Remix","Queen","Greatest Hits III","1999","Autumn",41,0.0625,0.946,0.581,2.71e-06,0.0623,-9.296,0.23,105.973,"6","0",260839,0.808,"4","61FHPHXfnA0SG9sGjkrHNo","classic rock","glam rock","rock",NA,NA,NA,NA,NA,NA,NA,NA
"29","Time to Pretend","MGMT","Oracular Spectacular","2007","Winter",74,8.74e-05,0.438,0.94,0.0777,0.3,-3.249,0.0452,100.99,"2","1",261000,0.421,"3","4iG2gAwKXsOcijVaVXzRPW","alternative rock","indie rock","indietronica","modern rock","rock",NA,NA,NA,NA,NA,NA
"30","Eleanor Rigby - Remastered 2009","The Beatles","Revolver (Remastered)","1966","Summer",72,0.936,0.581,0.28,1.56e-05,0.305,-9.091,0.0381,137.831,"4","0",126533,0.813,"4","5GjPQ0eI7AgmOnADn1EO6Q","beatlesque","british invasion","classic rock","merseybeat","psychedelic rock","rock",NA,NA,NA,NA,NA
"31","505","Arctic Monkeys","Favourite Worst Nightmare","2007","Spring",88,0.00287,0.526,0.866,7.78e-05,0.0945,-5.822,0.0568,140.266,"0","1",253586,0.248,"4","0BxE4FqsDD1Ot4YuBXwAPp","garage rock","modern rock","permanent wave","rock","sheffield indie",NA,NA,NA,NA,NA,NA
"32","Bad Habits","The Last Shadow Puppets","Everything You've Come To Expect (Deluxe Edition)","2016","Winter",51,0.000517,0.52,0.642,0.0017,0.0794,-7.546,0.0434,88.967,"9","1",180968,0.449,"4","4lJCw7GFijl5Kn2iizagwU","baroque pop","modern rock","sheffield indie",NA,NA,NA,NA,NA,NA,NA,NA
"33","Night Ride","The Growlers","City Club","2016","Autumn",61,0.0163,0.608,0.752,0,0.118,-4.954,0.0315,110.107,"9","0",251424,0.569,"4","2O07FF1DMc1oRDlkIo33FC","garage rock revival","indie garage rock","indie surf",NA,NA,NA,NA,NA,NA,NA,NA
"34","Twist And Shout - Remastered 2009","The Beatles","Please Please Me (Remastered)","1963","Spring",79,0.641,0.482,0.849,7.74e-06,0.0414,-9.198,0.0452,124.631,"2","1",155226,0.937,"4","5ZBeML7Lf3FMEVviTyvi8l","beatlesque","british invasion","classic rock","merseybeat","psychedelic rock","rock",NA,NA,NA,NA,NA
"35","Doctor Doctor - 2007 Remaster","UFO","Phenomenon (2007 Remaster)","1974","Winter",59,0.000173,0.361,0.799,9.13e-05,0.496,-6.962,0.0392,143.077,"2","0",252453,0.576,"4","1soxeK1ZBX9SsSjK4j4ECa","album rock","glam metal","hard rock","metal","progressive rock",NA,NA,NA,NA,NA,NA
"36","You Can't Always Get What You Want","The Rolling Stones","Let It Bleed","1969","Winter",70,0.64,0.32,0.62,6.36e-05,0.253,-9.686,0.0594,86.327,"0","1",448720,0.472,"4","6lFZbCc7pn6Lme1NP7qQqQ","album rock","british invasion","classic rock","rock",NA,NA,NA,NA,NA,NA,NA
"37","The Past Recedes","John Frusciante","Curtains","2004","missing",51,0.202,0.381,0.334,0.000203,0.411,-11.36,0.0271,102.632,"7","1",233626,0.171,"4","6Dm2KfuPBa3eXOgHaT88r4","acoustic rock",NA,NA,NA,NA,NA,NA,NA,NA,NA,NA
"38","Come a Little Closer - Unpeeled","Cage The Elephant","Unpeeled","2017","Summer",44,0.0354,0.294,0.8,2.01e-06,0.961,-5.356,0.0605,153.846,"6","0",225253,0.355,"4","1E0AiFkPAQDWOUZzKyw3YV","modern alternative rock","modern rock","pov: indie","punk blues","rock",NA,NA,NA,NA,NA,NA
"39","Love Grows (Where My Rosemary Goes)","Edison Lighthouse","Love Grows (Where My Rosemary Goes) & Other Gems","1970","Winter",76,0.403,0.568,0.824,0,0.0855,-4.613,0.0299,108.625,"9","1",174760,0.753,"4","5Ts1DYOuouQLgzTaisxWYh",NA,NA,NA,NA,NA,NA,NA,NA,NA,NA,NA
"40","Gimme Shelter","The Rolling Stones","Let It Bleed","1969","Winter",79,0.447,0.634,0.63,0.039,0.17,-8.277,0.031,118.628,"1","0",270773,0.489,"4","6H3kDe7CGoWYBabAeVWGiD","album rock","british invasion","classic rock","rock",NA,NA,NA,NA,NA,NA,NA
"41","Help! - Remastered 2009","The Beatles","Help! (Remastered)","1965","Summer",73,0.188,0.534,0.725,0,0.0994,-7.576,0.0332,95.003,"6","0",139560,0.763,"4","7DD7eSuYSC5xk2ArU62esN","beatlesque","british invasion","classic rock","merseybeat","psychedelic rock","rock",NA,NA,NA,NA,NA
"42","Body Paint","Arctic Monkeys","The Car","2022","Autumn",66,0.568,0.556,0.315,0,0.0774,-11.651,0.0625,143.327,"7","0",290584,0.256,"4","42GuKw49pPxNAkIhWGwgFs","garage rock","modern rock","permanent wave","rock","sheffield indie",NA,NA,NA,NA,NA,NA
"43","Cocaine","Eric Clapton","The Cream Of Clapton","1995","Spring",52,0.0152,0.679,0.447,0.00482,0.143,-15.318,0.0267,104.679,"9","1",215866,0.735,"4","3hZ5IBC7RGhtcw5taxSwA6","album rock","blues rock","classic rock","electric blues","mellow gold","rock","singer-songwriter","soft rock",NA,NA,NA
"44","Together","The Raconteurs","Broken Boy Soldiers","2006","Spring",41,0.316,0.607,0.357,0.0347,0.11,-10.658,0.0332,67.712,"9","1",238200,0.0721,"4","169Xw7O11rmvvaJluvov7o","alternative rock","garage rock","garage rock revival","indie rock","modern blues rock","modern rock","rock","supergroup",NA,NA,NA
"45","Polly","NASKA","REBEL","2022","Spring",52,0.121,0.737,0.782,0,0.098,-4.346,0.0313,132.054,"1","0",165508,0.931,"4","1drNpTgwd5Jfzda228o9pa","emo rap italiano",NA,NA,NA,NA,NA,NA,NA,NA,NA,NA
"46","LA STREGA DEL FRUTTETO (feat. chiello & Madame)","Sick Luke","LA STREGA DEL FRUTTETO (feat. chiello & Madame)","2021","Autumn",37,0.212,0.776,0.838,0,0.31,-5.919,0.0538,120.015,"9","1",185031,0.672,"4","6rJ9urIYzdm6JObJzYTIbL","italian hip hop","trap italiana",NA,NA,NA,NA,NA,NA,NA,NA,NA
"47","Born To Be Wild","Steppenwolf","Steppenwolf","1968","missing",76,0.262,0.438,0.71,0.537,0.221,-12.412,0.0919,145.928,"2","1",210373,0.53,"4","63OFKbMaZSDZ4wtesuuq6f","acid rock","album rock","blues rock","british blues","classic canadian rock","classic rock","hard rock","proto-metal","rock","singer-songwriter","soft rock"
"48","Ferma A Guardare","Ernia","Gemelli","2020","Summer",50,0.423,0.552,0.788,0,0.148,-6.333,0.11,162.037,"9","0",193500,0.51,"4","2UJFzqzkU6eByT6tdi2iLf","italian hip hop","italian pop","milan indie",NA,NA,NA,NA,NA,NA,NA,NA
"49","Underwear","Pulp","Different Class","1995","Autumn",55,0.0991,0.279,0.627,2.09e-06,0.11,-9.419,0.0323,97.051,"9","1",246186,0.214,"4","5pcDlqgygjWQ75QYLM7mdL","alternative rock","britpop","permanent wave","sheffield indie",NA,NA,NA,NA,NA,NA,NA
"50","Across The Universe - Remastered 2009","The Beatles","Let It Be (Remastered)","1970","Spring",68,0.361,0.257,0.412,8.68e-05,0.0702,-11.788,0.0287,152.126,"1","1",228133,0.858,"4","4dkoqJrP0L8FXftrMZongF","beatlesque","british invasion","classic rock","merseybeat","psychedelic rock","rock",NA,NA,NA,NA,NA
"51","Four Out Of Five","Arctic Monkeys","Tranquility Base Hotel & Casino","2018","Spring",65,0.0626,0.601,0.863,0,0.0717,-4.31,0.0685,130.189,"0","1",312346,0.676,"4","5Z5nbOXhsSbySVC7WUc6y9","garage rock","modern rock","permanent wave","rock","sheffield indie",NA,NA,NA,NA,NA,NA
"52","This Charming Man - 2011 Remaster","The Smiths","The Smiths","1984","Winter",80,0.00509,0.611,0.846,0,0.0784,-5.9,0.0436,103.912,"11","1",162920,0.751,"4","1FvDJ9KGxcqwv1utyPL3JZ","madchester","new wave","permanent wave","rock","uk post-punk",NA,NA,NA,NA,NA,NA
"53","Daddy Cool","Boney M.","Take The Heat Off Me","1976","missing",76,0.281,0.763,0.777,0.79,0.134,-6.932,0.0364,124.431,"5","0",208600,0.929,"4","3WMbD1OyfKuwWDWMNbPQ4g","europop",NA,NA,NA,NA,NA,NA,NA,NA,NA,NA
"54","I Am The Walrus - Remastered 2009","The Beatles","The Beatles 1967 - 1970 (Remastered)","1973","Spring",43,0.076,0.377,0.511,0.000334,0.6,-11.887,0.0447,87.614,"2","1",275680,0.662,"4","01p2T2WtAGVbjnNhNHZfiA","beatlesque","british invasion","classic rock","merseybeat","psychedelic rock","rock",NA,NA,NA,NA,NA
"55","R U Mine?","Arctic Monkeys","AM","2013","Autumn",85,0.00616,0.288,0.758,0,0.303,-5.692,0.0371,97.094,"6","0",201726,0.619,"4","2AT8iROs4FQueDv2c8q2KE","garage rock","modern rock","permanent wave","rock","sheffield indie",NA,NA,NA,NA,NA,NA
"56","L'assenzio ( the Power of Nothing)","Bluvertigo","Pop Tools (Alcune Fasi e Forme d'Onda)","2001","Winter",36,0.0624,0.722,0.507,0.000755,0.124,-8.084,0.0354,129.692,"1","0",233426,0.619,"4","1yhr95Jd7uqh391cqQDrpx","italian alternative",NA,NA,NA,NA,NA,NA,NA,NA,NA,NA
"57","Aberdeen - Unpeeled","Cage The Elephant","Unpeeled","2017","Summer",37,0.000814,0.52,0.838,0.000401,0.373,-5.877,0.0463,111.725,"0","1",173840,0.516,"4","6z3RIjrBz6d2tVPYZ9rikZ","modern alternative rock","modern rock","pov: indie","punk blues","rock",NA,NA,NA,NA,NA,NA
"58","Giorgio by Moroder","Daft Punk","Random Access Memories","2013","Spring",65,0.0692,0.74,0.682,0.53,0.381,-10.42,0.0504,113.201,"9","0",544626,0.41,"4","0oks4FnzhNp5QPTZtoet7c","electro","filter house","rock",NA,NA,NA,NA,NA,NA,NA,NA
"59","Ridere di te","Vasco Rossi","C'è Chi Dice No (Remastered)","2004","Spring",52,0.559,0.578,0.586,0.0777,0.0486,-7.149,0.0298,78.24,"2","1",334773,0.383,"4","0eihkugCsSDceQoyG9CTJr","classic italian pop","italian adult pop",NA,NA,NA,NA,NA,NA,NA,NA,NA
"60","Strawberry Fields Forever - Remastered 2009","The Beatles","Magical Mystery Tour (Remastered)","1967","Autumn",70,0.336,0.39,0.502,0.000138,0.0713,-12.277,0.178,97.871,"10","1",247320,0.289,"4","3Am0IbOxmvlSXro7N5iSfZ","beatlesque","british invasion","classic rock","merseybeat","psychedelic rock","rock",NA,NA,NA,NA,NA
"61","Cornerstone","Arctic Monkeys","Humbug","2009","Summer",72,0.00764,0.287,0.721,0,0.328,-5.81,0.0387,169.252,"9","1",197973,0.763,"4","5bsnLiT00hG37qd8p2jdVl","garage rock","modern rock","permanent wave","rock","sheffield indie",NA,NA,NA,NA,NA,NA
"62","Money For Nothing - Remastered 1996","Dire Straits","Brothers In Arms (Remastered 1996)","1985","Spring",70,0.0456,0.674,0.649,0.000766,0.0644,-9.321,0.0356,134.212,"2","0",505333,0.645,"4","4nFNJmjfgBF7jwv2oBC45b","album rock","classic rock","mellow gold","rock",NA,NA,NA,NA,NA,NA,NA
"63","Quanto ti vorrei","chiello","Quanto ti vorrei","2021","Autumn",51,0.00721,0.476,0.711,1.81e-06,0.0842,-5.769,0.0336,185.996,"2","1",180342,0.756,"4","1AC9rHDPQC3QoC3iYPeSEI","italian hip hop",NA,NA,NA,NA,NA,NA,NA,NA,NA,NA
"64","A Hard Day's Night - Remastered 2009","The Beatles","A Hard Day's Night (Remastered)","1964","Summer",71,0.137,0.59,0.805,0,0.0996,-6.481,0.0371,138.514,"0","1",154200,0.797,"4","5J2CHimS7dWYMImCHkEFaJ","beatlesque","british invasion","classic rock","merseybeat","psychedelic rock","rock",NA,NA,NA,NA,NA
"65","(I Can't Get No) Satisfaction - Mono Version","The Rolling Stones","Out Of Our Heads","1965","Summer",80,0.0383,0.723,0.863,0.0317,0.128,-7.89,0.0338,136.302,"2","1",222813,0.931,"4","2PzU4IB8Dr6mxV3lHuaG34","album rock","british invasion","classic rock","rock",NA,NA,NA,NA,NA,NA,NA
"66","Parco Sempione","Elio e le Storie Tese","Studentessi","2008","Winter",44,0.596,0.761,0.643,1.16e-06,0.305,-8.592,0.21,154.619,"0","1",298893,0.816,"3","4WfpFXJJJW8IFXzTOJWGfh","italian adult pop","italian alternative",NA,NA,NA,NA,NA,NA,NA,NA,NA
"67","Sing","Travis","The Invisible Band","2001","Summer",71,0.000233,0.33,0.905,8.14e-06,0.0712,-5.047,0.0497,163.142,"4","1",228800,0.259,"4","4yA2SM7XCLkSgkBUSoZb5S","britpop",NA,NA,NA,NA,NA,NA,NA,NA,NA,NA
"68","I Want To Hold Your Hand - Remastered 2015","The Beatles","1 (Remastered)","2000","Autumn",70,0.386,0.49,0.715,0,0.311,-5.549,0.0476,130.726,"7","1",145746,0.866,"4","4pbG9SUmWIvsROVLF0zF9s","beatlesque","british invasion","classic rock","merseybeat","psychedelic rock","rock",NA,NA,NA,NA,NA
"69","I'd Die Babe - Remastered 2010","Badfinger","Straight Up (Remastered 2010 / Deluxe Edition)","1971","Winter",43,0.00893,0.684,0.669,0.000252,0.283,-8.327,0.0366,126.802,"7","1",154413,0.874,"4","5CmGnAY7I7Ggj303HZBbkX","album rock","beatlesque","british blues","classic rock","country rock","folk rock","jangle pop","mellow gold","power pop","singer-songwriter","soft rock"
"70","Bad Woman","Arctic Monkeys","Teddy Picker","2007","Winter",44,0.00875,0.539,0.937,0.000453,0.12,-4.073,0.0673,130.525,"2","1",139720,0.553,"4","4AroLtsd0GANCASuU6MNZR","garage rock","modern rock","permanent wave","rock","sheffield indie",NA,NA,NA,NA,NA,NA
"71","Il Mare (Impetuoso Al Tramonto Sali'Sulla Luna E Dietro Una Tendina Di Stelle...)","Zucchero","Oro Incenso & Birra - Zucchero Sugar Fornaciari","1989","Winter",42,0.0649,0.645,0.754,0,0.38,-11.176,0.0414,87.997,"9","1",236600,0.84,"4","1G18SBjucO1Jq7wQtHORXz","italian adult pop","italian pop rock",NA,NA,NA,NA,NA,NA,NA,NA,NA
"72","Magnolia","Eric Clapton","Eric Clapton & Friends: The Breeze - An Appreciation Of JJ Cale","2014","Winter",57,0.664,0.589,0.251,0.13,0.0934,-14.218,0.0365,73.924,"0","1",221693,0.404,"4","3KePc5zqybSrshHWzo65pk","album rock","blues rock","classic rock","electric blues","mellow gold","rock","singer-songwriter","soft rock",NA,NA,NA
"73","Tender Surrender","Steve Vai","Alien Love Secrets","1995","Spring",52,0.174,0.559,0.567,0.103,0.122,-7.155,0.036,130.036,"4","0",301066,0.227,"4","1BpMzIbVYhLfXTQe7ob2sY","instrumental rock","metal guitar","shred",NA,NA,NA,NA,NA,NA,NA,NA
"74","She's Thunderstorms","Arctic Monkeys","Suck It and See","2011","Summer",63,0.000518,0.505,0.898,0.00236,0.173,-4.906,0.0329,118.929,"7","1",234920,0.731,"4","5xw2cHVLw1rlDPp3cL9Zuv","garage rock","modern rock","permanent wave","rock","sheffield indie",NA,NA,NA,NA,NA,NA
"75","Wicked Game","Chris Isaak","Heart Shaped World","1989","Summer",81,0.68,0.663,0.296,0.00837,0.0879,-18.09,0.0294,112.306,"9","1",289066,0.359,"4","7w5AOd6HrDIHewHfpABEss","mellow gold",NA,NA,NA,NA,NA,NA,NA,NA,NA,NA
"76","Let It Be - Remastered 2009","The Beatles","Let It Be (Remastered)","1970","Spring",80,0.631,0.443,0.403,0,0.111,-8.339,0.0322,143.462,"0","1",243026,0.41,"4","7iN1s7xHE4ifF5povM6A48","beatlesque","british invasion","classic rock","merseybeat","psychedelic rock","rock",NA,NA,NA,NA,NA
"77","Dani California","Red Hot Chili Peppers","Stadium Arcadium","2006","Spring",80,0.0193,0.556,0.913,8.59e-06,0.346,-2.36,0.0437,96.184,"0","1",282160,0.73,"4","10Nmj3JCNoMeBQ87uw5j8k","alternative rock","funk metal","funk rock","permanent wave","rock",NA,NA,NA,NA,NA,NA
"78","No. 1 Party Anthem","Arctic Monkeys","AM","2013","Autumn",73,0.33,0.505,0.698,0.0887,0.0966,-5.563,0.0297,115.013,"0","1",243131,0.599,"4","5TTGoX70AFrTvuEtqHK37S","garage rock","modern rock","permanent wave","rock","sheffield indie",NA,NA,NA,NA,NA,NA
"79","Heart Of Glass","Blondie","Greatest Hits: Blondie","2006","Winter",67,0.00114,0.726,0.696,0.0771,0.0563,-8.017,0.0333,114.691,"4","1",252186,0.41,"4","41AE8ODX2JETBCa6muhSLY","candy pop","new wave pop","permanent wave","power pop","rock","synthpop",NA,NA,NA,NA,NA
"80","Oh! Darling - Remastered 2009","The Beatles","Abbey Road (Remastered)","1969","Autumn",69,0.0126,0.422,0.656,0.0279,0.268,-8.412,0.0397,173.93,"4","1",207240,0.549,"3","2mxByJWOajjiVsLWjNXvDJ","beatlesque","british invasion","classic rock","merseybeat","psychedelic rock","rock",NA,NA,NA,NA,NA
"81","Creep","Radiohead","Pablo Honey","1993","Winter",90,0.0097,0.515,0.43,0.000133,0.129,-9.935,0.0372,91.844,"7","1",238640,0.104,"4","70LcF31zb1H0PyJoS1Sx1r","alternative rock","art rock","melancholia","oxford indie","permanent wave","rock",NA,NA,NA,NA,NA
"82","Balla Ba","Franco Califano","Tac..!","1977","Spring",39,0.183,0.739,0.766,0,0.104,-7.838,0.127,128.023,"7","1",236333,0.814,"4","2DKZPAMk7EGSTjuInmNvZs","classic italian pop",NA,NA,NA,NA,NA,NA,NA,NA,NA,NA
"83","Pieces of What","MGMT","Oracular Spectacular","2007","Winter",47,0.0672,0.572,0.756,6.26e-05,0.383,-6.634,0.0287,108.014,"4","0",163773,0.727,"4","6wxDu7ISgm5nppPMea4W7D","alternative rock","indie rock","indietronica","modern rock","rock",NA,NA,NA,NA,NA,NA
"84","Come Join the Murder - From Sons of Anarchy","The White Buffalo","Come Join the Murder (From Sons of Anarchy)","2014","Winter",59,0.67,0.529,0.445,0.032,0.106,-7.156,0.0275,124.166,"5","1",448093,0.179,"4","1jZoQ2R3wgs1UbOhio9j8I","alternative roots rock","new americana",NA,NA,NA,NA,NA,NA,NA,NA,NA
"85","While My Guitar Gently Weeps - Remastered 2009","The Beatles","The Beatles (Remastered)","1968","Autumn",73,0.0205,0.453,0.654,0.00395,0.172,-8.855,0.0317,115,"4","0",285000,0.702,"4","389QX9Q1eUOEZ19vtzzI9O","beatlesque","british invasion","classic rock","merseybeat","psychedelic rock","rock",NA,NA,NA,NA,NA
"86","Suck It and See","Arctic Monkeys","Suck It and See","2011","Summer",65,0.00105,0.339,0.932,0.114,0.255,-5.017,0.057,128.291,"4","1",225986,0.586,"4","0LxeKwg9t7HOnyfv4bTALT","garage rock","modern rock","permanent wave","rock","sheffield indie",NA,NA,NA,NA,NA,NA
"87","Black Madonna","Cage The Elephant","Social Cues","2019","Spring",65,0.00122,0.705,0.728,0.0693,0.0753,-3.184,0.035,109.991,"4","0",226533,0.966,"4","4Y6GIje3GErVRIq1Ff5BJq","modern alternative rock","modern rock","pov: indie","punk blues","rock",NA,NA,NA,NA,NA,NA
"88","More Than A Woman","Bee Gees","How Can You Mend A Broken Heart","2020","Winter",72,0.175,0.601,0.703,8.4e-05,0.571,-6.24,0.0379,106.164,"7","1",196213,0.673,"4","2cX2coZS1PYBfPs8wgbdWE","disco","mellow gold","soft rock",NA,NA,NA,NA,NA,NA,NA,NA
"89","Back In The U.S.S.R. - Remastered 2009","The Beatles","The Beatles (Remastered)","1968","Autumn",64,0.069,0.48,0.969,0.00022,0.0608,-7.464,0.0854,142.489,"9","1",163453,0.494,"4","0j3p1p06deJ7f9xmJ9yG22","beatlesque","british invasion","classic rock","merseybeat","psychedelic rock","rock",NA,NA,NA,NA,NA
"90","Stormi","Iosonouncane","DIE","2015","Spring",46,0.0287,0.53,0.621,0,0.356,-7.693,0.0525,104.977,"7","1",249733,0.114,"4","6SQItrDKcga0XDL5EsLgRW","indie folk italiano","italian alternative","italian indie pop",NA,NA,NA,NA,NA,NA,NA,NA
"91","Too Much To Ask","Arctic Monkeys","Fluorescent Adolescent","2007","Summer",63,0.00777,0.724,0.757,0.000154,0.215,-4.787,0.0274,109.98,"9","0",183253,0.878,"4","1LSwssG5oIAMXYcvpOoPLC","garage rock","modern rock","permanent wave","rock","sheffield indie",NA,NA,NA,NA,NA,NA
"92","Song To Sing When I'm Lonely","John Frusciante","Shadows Collide With People","2004","Winter",53,0.294,0.629,0.673,0.0109,0.139,-4.379,0.0262,114.243,"6","1",195213,0.419,"4","2a0WwSvmFdXPTdDMilPA1y","acoustic rock",NA,NA,NA,NA,NA,NA,NA,NA,NA,NA
"93","No Reply - Remastered 2009","The Beatles","Beatles For Sale (Remastered)","1964","Winter",54,0.67,0.718,0.593,0,0.172,-9.976,0.0377,124.251,"0","1",136066,0.869,"4","4ltC6PrqkTtpcRNi5lvS4z","beatlesque","british invasion","classic rock","merseybeat","psychedelic rock","rock",NA,NA,NA,NA,NA
"94","DREAM TEAM (feat. Dylan, Capo Plaza, Tedua & Shiva)","Sick Luke","X2","2022","Winter",56,0.0397,0.733,0.678,0,0.139,-6.272,0.376,130.069,"2","1",158630,0.305,"4","4IjDcm8qRdRiwrRtpIdpSD","italian hip hop","trap italiana",NA,NA,NA,NA,NA,NA,NA,NA,NA
"95","Slow Dancing in a Burning Room - Live at the Nokia Theatre, Los Angeles, CA - December 2007","John Mayer","Where the Light Is: John Mayer Live In Los Angeles","2008","missing",57,0.2,0.514,0.536,8.27e-05,0.727,-7.13,0.0287,133.861,"1","0",319226,0.453,"4","4OT8GH9u9Gx7ydJ49ULunN","neo mellow","singer-songwriter",NA,NA,NA,NA,NA,NA,NA,NA,NA
"96","Sunshine Of Your Love","Cream","Disraeli Gears","1967","Autumn",65,0.475,0.684,0.481,6.57e-05,0.118,-12.59,0.0384,115.078,"2","1",250000,0.784,"4","6FRwDxXsvSasw0y2eDArsz","album rock","blues rock","british blues","classic rock","folk rock","hard rock","psychedelic rock","rock","singer-songwriter","supergroup",NA
"97","And I Love Her - Remastered 2009","The Beatles","A Hard Day's Night (Remastered)","1964","Summer",74,0.64,0.767,0.331,0,0.0681,-10.777,0.0337,113.312,"1","0",149693,0.636,"4","65vdMBskhx3akkG9vQlSH1","beatlesque","british invasion","classic rock","merseybeat","psychedelic rock","rock",NA,NA,NA,NA,NA
"98","Cigarette Daydreams","Cage The Elephant","Melophobia","2013","Autumn",78,0.0807,0.636,0.676,0,0.0831,-3.442,0.0263,113.98,"2","1",208760,0.273,"4","6jHvX8ZnHKC1PnrPMJ0Emt","modern alternative rock","modern rock","pov: indie","punk blues","rock",NA,NA,NA,NA,NA,NA
"99","Slow Dancing in a Burning Room","John Mayer","Continuum","2006","Autumn",77,0.575,0.667,0.361,0.00506,0.0805,-8.69,0.0273,134.018,"1","0",242000,0.29,"5","2jdAk8ATWIL3dwT47XpRfu","neo mellow","singer-songwriter",NA,NA,NA,NA,NA,NA,NA,NA,NA
"100","Maybe I’m Amazed - 2011 Remaster","Paul McCartney","McCartney (Archive Collection)","1970","Spring",68,0.387,0.471,0.494,0.0944,0.617,-10.407,0.0312,79.255,"7","1",229826,0.373,"4","1Qa0Y05al633fG8f9Peytc","beatlesque","classic rock","mellow gold","rock",NA,NA,NA,NA,NA,NA,NA
"101","The Night Before - Remastered 2009","The Beatles","Help! (Remastered)","1965","Summer",55,0.0537,0.461,0.762,0,0.238,-6.727,0.0379,84.496,"2","1",154933,0.632,"4","5xcfepnz1v7a83T8An9gjw","beatlesque","british invasion","classic rock","merseybeat","psychedelic rock","rock",NA,NA,NA,NA,NA
