"","title","artists","album_name","year","season","popularity","acousticness","danceability","energy","instrumentalness","liveness","loudness","speechiness","tempo","key","mode","duration_ms","valence","time_signature","track.id","genre_1","genre_2","genre_3","genre_4","genre_5","genre_6","genre_7","genre_8"
"1","Il meglio di te","Bresh","Il meglio di te","2022","Summer",53,0.104,0.722,0.592,9.89e-06,0.293,-6.161,0.0805,81.989,"4","0",157013,0.552,"4","2eTXrwuncNqUOAxw2YJ8lv","italian hip hop","italian pop","rap genovese",NA,NA,NA,NA,NA
"2","Caffè","Bresh","Caffè","2021","Summer",40,0.0149,0.67,0.785,0,0.0934,-6.119,0.0424,94.509,"8","1",189108,0.534,"4","4V5gmy8imyB0TJwdIYuGRv","italian hip hop","italian pop","rap genovese",NA,NA,NA,NA,NA
"3","Bad Habits","Ed Sheeran","=","2021","Autumn",85,0.0451,0.807,0.893,2.79e-05,0.366,-3.745,0.0347,126.011,"11","0",230746,0.537,"4","3rmo8F54jFF8OgYsqTxm5d","pop","singer-songwriter pop","uk pop",NA,NA,NA,NA,NA
"4","OBLÒ (feat. Rkomi)","Bresh","Che io ci aiuti","2020","Summer",31,0.167,0.663,0.826,0,0.1,-4.659,0.059,98.983,"8","1",217514,0.219,"4","6Is2qDszjUii98QFwVNc1b","italian hip hop","italian pop","rap genovese",NA,NA,NA,NA,NA
"5","make up sex (feat. blackbear)","Machine Gun Kelly","mainstream sellout","2022","Spring",67,0.00156,0.665,0.678,0,0.474,-4.122,0.0315,131.986,"5","0",122570,0.682,"4","50eJOxJiGmJ7PBZaTKpje1","ohio hip hop","pop rap",NA,NA,NA,NA,NA,NA
"6","Dopamine (feat. Eyelar)","Purple Disco Machine","Exotica","2021","Autumn",67,0.0537,0.689,0.797,0,0.212,-5.604,0.128,117.982,"11","0",216091,0.855,"4","5JBtWpLoGO62gb5vax505b","deep house","house",NA,NA,NA,NA,NA,NA
"7","Alone, Pt. II","Color Music Choir","Alone, Pt. II","2020","Autumn",48,0.419,0.582,0.659,0,0.33,-4.828,0.107,175.782,"7","1",184431,0.498,"4","1YP2wYscUDOtVMTdRJBPeo",NA,NA,NA,NA,NA,NA,NA,NA
"8","LOVESTRUCK","George Barnett","LOVESTRUCK","2022","Spring",25,0.0158,0.611,0.921,6.34e-05,0.594,-0.693,0.0431,94.017,"7","1",209361,0.89,"4","36uHVQFixGfm2MZ4l8X9Pw",NA,NA,NA,NA,NA,NA,NA,NA
"9","Thousand Miles","The Kid LAROI","Thousand Miles","2022","Spring",77,0.0858,0.376,0.657,0,0.0884,-4.658,0.0768,80.565,"7","1",164781,0.203,"4","1r8ZCjfrQxoy2wVaBUbpwg","australian hip hop",NA,NA,NA,NA,NA,NA,NA
"10","Done for Me (feat. Kehlani)","Charlie Puth","Voicenotes","2018","Spring",71,0.193,0.856,0.632,0,0.0688,-3.692,0.074,112.009,"6","0",180493,0.697,"4","1lsBTdE6MGsKeZCD6llNu7","pop","viral pop",NA,NA,NA,NA,NA,NA
"11","Ghosts 'N' Stuff - Radio Edit","deadmau5","Ghosts 'n' Stuff","2009","Winter",46,6.69e-05,0.542,0.8,0.00541,0.79,-5.362,0.0804,127.964,"8","1",191426,0.41,"4","5b2ACxzxhGeLPDr500fQzy","canadian electronic","complextro","edm","electro house","pop dance","progressive house",NA,NA
"12","edamame (feat. Rich Brian)","bbno$","edamame (feat. Rich Brian)","2021","Summer",76,0.023,0.815,0.848,0.000162,0.0265,-4.704,0.115,106.032,"4","0",133706,0.684,"4","1uMHCAyGmHqyygoNRuo7MV","canadian hip hop","dark trap","meme rap",NA,NA,NA,NA,NA
"13","fake love don't last (feat. iann dior)","Machine Gun Kelly","mainstream sellout","2022","Spring",64,0.0226,0.659,0.733,0,0.205,-4.878,0.0577,146.053,"8","1",143204,0.763,"4","4UHyrGQCHu0Orh2utUxbNY","ohio hip hop","pop rap",NA,NA,NA,NA,NA,NA
"14","Punkabbestia","NASKA","Punkabbestia","2021","Autumn",35,0.00282,0.511,0.962,0,0.38,-4.03,0.29,168.218,"0","1",160357,0.482,"4","1gNJOIiZyHhcfGwDL3CXR8","emo rap italiano",NA,NA,NA,NA,NA,NA,NA
"15","Vertigini","Tedua","Mowgli","2018","Spring",65,0.164,0.579,0.774,0,0.131,-6.34,0.164,133.722,"5","0",203040,0.476,"4","1Oou7m2VuxCDSOdqsu07TU","indie liguria","italian hip hop","italian pop","rap genovese","trap italiana",NA,NA,NA
"16","Hit And Run","Breathe Carolina","Hell Is What You Make It: Reloaded","2011","missing",39,0.00113,0.651,0.822,0,0.398,-3.961,0.0372,123.97,"6","0",192120,0.897,"4","62aVFXkx5fSKQdN1K4KLmW","electropowerpop","neon pop punk","trancecore",NA,NA,NA,NA,NA
"17","let you","iann dior","on to better things","2022","Winter",56,0.262,0.598,0.838,0,0.122,-5.513,0.0881,170.191,"7","0",151733,0.704,"4","5bQHJT0MZXTXccO84VpNQP","melodic rap",NA,NA,NA,NA,NA,NA,NA
"18","Light Switch","Charlie Puth","Light Switch (Acoustic)","2022","Winter",31,0.105,0.69,0.626,0.000335,0.0881,-5.693,0.306,184.009,"6","1",187703,0.912,"4","36PM3NBxWiTwhEq96dTxkc","pop","viral pop",NA,NA,NA,NA,NA,NA
"19","Going Dumb","Alesso","Going Dumb","2021","Spring",57,0.0546,0.834,0.678,0.263,0.103,-6.242,0.0515,121.995,"6","0",168601,0.551,"4","7arsXR8AtExnOFN3v3HiJI","dance pop","edm","pop","pop dance","progressive electro house",NA,NA,NA
"20","Paris to Tokyo","Fivio Foreign","Paris to Tokyo","2022","Summer",60,0.0185,0.642,0.787,0,0.288,-6.389,0.17,146.733,"5","0",130897,0.406,"4","5QvW5lK6mkfTegpAK9JOO7","brooklyn drill","new york drill","trap",NA,NA,NA,NA,NA
"21","obvious","iann dior","on to better things","2022","Winter",43,0.00159,0.629,0.726,0,0.293,-5.605,0.0396,112.096,"6","0",137413,0.379,"4","4aZP6zHPTPDazptt4AhTq4","melodic rap",NA,NA,NA,NA,NA,NA,NA
"22","Light Switch - Acoustic","Charlie Puth","Light Switch (Acoustic)","2022","Winter",54,0.745,0.748,0.407,0,0.163,-6.26,0.0656,91.974,"6","1",186295,0.947,"4","42nDnUAPjhZFlj5wt2BjJm","pop","viral pop",NA,NA,NA,NA,NA,NA
"23","Pepepe","Bresh","Pepepe","2018","Summer",35,0.0887,0.714,0.754,0,0.112,-5.115,0.0658,103.988,"10","1",197307,0.379,"4","3Q31w7DEsShvqGEa6FqIqW","italian hip hop","italian pop","rap genovese",NA,NA,NA,NA,NA
"24","Tell It To My Heart","MEDUZA","Tell It To My Heart","2021","Autumn",73,0.0265,0.539,0.715,0,0.609,-6.639,0.0595,123.854,"11","0",165524,0.489,"4","46nvQpUDsxpS08UTFOeKTA","edm","pop dance","pop house","uk dance",NA,NA,NA,NA
"25","FALENA (feat. Franco126, Coez & Ketama126)","Sick Luke","X2","2022","Winter",57,0.161,0.595,0.68,0,0.198,-5.665,0.0553,95.89,"0","0",215016,0.235,"4","1FEAEKjVQLZuSeb0omUxep","italian hip hop","trap italiana",NA,NA,NA,NA,NA,NA
"26","Bam Bam Twist (feat. Gow Tribe, Frenetik&Orang3)","Achille Lauro","1969 - Achille Idol Rebirth","2020","Autumn",57,0.00391,0.573,0.886,0.000447,0.152,-4.322,0.054,159.975,"2","1",174638,0.487,"4","5i12eplaUT5pPE5iC6B2FZ","italian adult pop","italian hip hop","italian pop",NA,NA,NA,NA,NA
"27","Quevedo: Bzrp Music Sessions, Vol. 52","Bizarrap","Quevedo: Bzrp Music Sessions, Vol. 52","2022","Summer",90,0.0125,0.621,0.782,0.033,0.23,-5.548,0.044,128.033,"2","1",198937,0.55,"4","2tTmW7RDtMQtBk7m2rYeSw","argentine hip hop","pop venezolano","trap argentino","trap latino","urbano latino",NA,NA,NA
"28","Hooligans","Bresh","Che io ci aiuti","2020","Summer",50,0.0992,0.558,0.75,0,0.32,-5.497,0.043,156.907,"8","1",147980,0.483,"4","1b9gSi3I7ei5NbnM974NOU","italian hip hop","italian pop","rap genovese",NA,NA,NA,NA,NA
"29","Blu (feat. Elisa)","Rkomi","Dove Gli Occhi Non Arrivano","2019","Spring",55,0.0255,0.745,0.88,0,0.157,-5.149,0.0654,100.002,"8","1",165333,0.356,"4","0Q4v8N758nx98YxObfqkNC","italian hip hop","italian pop",NA,NA,NA,NA,NA,NA
"30","thought it was","iann dior","on to better things","2022","Winter",52,0.147,0.695,0.504,0,0.111,-6.09,0.0304,90.018,"4","0",172600,0.197,"4","3gr1pMLpDJGqErHhhl7dEO","melodic rap",NA,NA,NA,NA,NA,NA,NA
"31","10 Architetti","Disme","Glory Days EP","2021","Autumn",36,0.2,0.659,0.729,0.00214,0.371,-6.686,0.0552,142.013,"11","0",167502,0.489,"4","0IsVHr52TUSry93SqxxCZm","emo trap italiana","italian hip hop","rap genovese","trap italiana",NA,NA,NA,NA
"32","Alcool & Acqua (feat. PSICOLOGI)","Bresh","ORO BLU","2022","Spring",60,0.198,0.703,0.706,0,0.121,-7.32,0.161,120.027,"8","1",171437,0.705,"4","4UpCWcaJdu26OxLwxd3baF","italian hip hop","italian pop","rap genovese",NA,NA,NA,NA,NA
"33","Pressing On","Relient K","The Anatomy of the Tongue in Cheek","2001","Summer",42,0.00321,0.483,0.928,0,0.308,-3.863,0.069,124.278,"1","1",209893,0.75,"4","6In4URucfktjEmsDSxHyzO","canadian ccm","christian alternative rock","christian punk","pop punk",NA,NA,NA,NA
"34","10:35","Tiësto","10:35","2022","Autumn",82,0.0683,0.696,0.793,3.78e-06,0.18,-5.733,0.097,120.003,"8","1",172252,0.698,"4","6BePGk3eCan4FqaW2X8Qy3","big room","brostep","dutch edm","edm","house","pop dance","slap house","trance"
"35","House of Memories","Panic! At The Disco","Death of a Bachelor","2016","Winter",83,0.00272,0.506,0.817,0,0.0486,-5.051,0.0335,109.952,"11","0",208706,0.506,"4","2DgdHcjWmO3qd50RzuBLgZ","modern rock","pop",NA,NA,NA,NA,NA,NA
"36","Straordinario","Disme","Malverde","2020","Winter",45,0.108,0.606,0.627,0,0.183,-7.816,0.412,120.675,"2","1",196833,0.3,"5","1Z30PIsTylGhdgcNelTR8X","emo trap italiana","italian hip hop","rap genovese","trap italiana",NA,NA,NA,NA
"37","Paint It, Black","The Rolling Stones","Aftermath","1966","Spring",85,0.0493,0.464,0.795,0.00244,0.399,-9.267,0.0926,158.691,"1","1",202266,0.612,"4","63T7DJ1AFDD6Bn8VzG6JE8","album rock","british invasion","classic rock","rock",NA,NA,NA,NA
"38","Somebody That I Used To Know","Gotye","Making Mirrors","2011","Winter",82,0.548,0.865,0.521,0.000115,0.0989,-6.932,0.0371,129.059,"0","1",244884,0.748,"4","1qDrWA6lyx8cLECdZE7TV7","australian pop",NA,NA,NA,NA,NA,NA,NA
"39","Potion (with Dua Lipa & Young Thug)","Calvin Harris","Funk Wav Bounces Vol. 2","2022","Summer",62,0.158,0.824,0.697,4.11e-05,0.0751,-4.869,0.0473,99.987,"11","0",215215,0.757,"4","3h8tI65xdfpQyTAy7Grqwa","dance pop","edm","electro house","house","pop","pop dance","progressive house","uk dance"
"40","Come Stai (feat. Izi)","Bresh","ORO BLU","2022","Spring",54,0.498,0.72,0.55,0,0.137,-9.379,0.055,134.097,"11","0",166982,0.272,"4","2S9ST4PsqOyvUj0YvfmxXl","italian hip hop","italian pop","rap genovese",NA,NA,NA,NA,NA
"41","The Way Back","Solomun","Compost Black Label #36","2008","Summer",57,0.111,0.855,0.425,0.852,0.0774,-12.939,0.0953,120.022,"7","1",446053,0.194,"4","401kD29F2kQm7jKtntwqRw","german techno","hamburg electronic","melodic techno","minimal techno",NA,NA,NA,NA
"42","Bam Bam (feat. Ed Sheeran)","Camila Cabello","Bam Bam (feat. Ed Sheeran)","2022","Spring",79,0.182,0.756,0.697,0,0.333,-6.377,0.0401,94.996,"8","1",206070,0.956,"4","0QBzMgT7NIeoCYy3sJCof1","dance pop","pop",NA,NA,NA,NA,NA,NA
"43","That's Hilarious","Charlie Puth","CHARLIE","2022","Autumn",74,0.739,0.713,0.442,0,0.112,-5.909,0.0604,108.038,"6","1",144933,0.546,"4","0wPKDeY4fZXT6k9bzV0kx0","pop","viral pop",NA,NA,NA,NA,NA,NA
"44","MALEDUCATA (con DARGEN D'AMICO)","Rkomi","TAXI DRIVER","2022","Winter",47,0.188,0.816,0.834,0,0.256,-5.179,0.272,115.121,"6","0",165328,0.758,"4","3y7eJyB0UBEz2yTTUF3EpJ","italian hip hop","italian pop",NA,NA,NA,NA,NA,NA
"45","Enemy - From the series Arcane League of Legends","Imagine Dragons","Enemy (from the series Arcane League of Legends)","2021","Autumn",76,0.247,0.722,0.745,0,0.419,-4.164,0.256,77.029,"7","1",173381,0.52,"4","5UlnuulVAVmmesw4VzqHdG","modern rock","pop","rock",NA,NA,NA,NA,NA
"46","MIDDLE OF THE NIGHT","Elley Duhé","MIDDLE OF THE NIGHT","2020","Winter",85,0.0228,0.41,0.611,0,0.116,-8.271,0.0467,185.727,"4","0",184447,0.0899,"3","58HvfVOeJY7lUuCqF0m3ly","alt z",NA,NA,NA,NA,NA,NA,NA
"47","TEMPORALE (feat. Ketama126, Izi & Luche)","Sick Luke","X2","2022","Winter",48,0.279,0.639,0.86,0,0.166,-3.833,0.0357,151.927,"0","0",196046,0.334,"4","7JU00ScKFiTaZLFU2Nj6gc","italian hip hop","trap italiana",NA,NA,NA,NA,NA,NA
"48","Parli Di Me (feat. Rkomi)","Bresh","ORO BLU","2022","Spring",50,0.044,0.738,0.515,0,0.319,-7.93,0.156,97.013,"11","0",162500,0.664,"4","0hRc3InGWplN0WKV2VT06n","italian hip hop","italian pop","rap genovese",NA,NA,NA,NA,NA
"49","X (with KAROL G)","Jonas Brothers","XV","2020","Spring",61,0.0485,0.715,0.827,3.61e-05,0.321,-5.09,0.0617,117.977,"4","0",185277,0.75,"4","77fvnWALKJR0ws1VUx09CY","boy band","pop",NA,NA,NA,NA,NA,NA
"50","Robbery","Juice WRLD","Death Race For Love (Bonus Track Version)","2019","Spring",82,0.328,0.623,0.692,0,0.153,-5.122,0.0504,79.899,"2","1",240050,0.566,"4","6iaSML1PIYq936g62BDtBq","chicago rap","melodic rap","rap",NA,NA,NA,NA,NA
"51","One More Night","Maroon 5","Overexposed Track By Track","2012","Winter",80,0.0558,0.716,0.821,0,0.0844,-3.435,0.0314,92.997,"5","0",219546,0.618,"4","6cpk00i5TxCqSeqNi2HuIe","pop",NA,NA,NA,NA,NA,NA,NA
"52","Da Buttare (feat. Bresh, Disme)","Cromo","PuroSangue Mixtape","2020","Autumn",25,0.13,0.684,0.779,0,0.136,-4.857,0.119,77.015,"11","0",242447,0.332,"4","5wjzyjwfj0bHeH5XQ3INQB","italian hip hop","rap genovese",NA,NA,NA,NA,NA,NA
"53","Paralyzer","Finger Eleven","Them Vs. You Vs. Me (Deluxe Edition)","2007","Winter",78,0.157,0.644,0.939,0,0.233,-3.486,0.0456,106.031,"11","0",208106,0.861,"4","28IEbk5a7twNTbUEvWslUb","alternative metal","canadian rock","funk metal","nu metal","post-grunge",NA,NA,NA
"54","okk@pp@","thasup","okk@pp@","2022","Autumn",46,0.0963,0.747,0.675,0.000342,0.345,-4.879,0.0422,106.96,"10","1",142373,0.683,"4","6Eut6MtJYENAxBtNG0stnT","italian hip hop","italian pop","trap italiana",NA,NA,NA,NA,NA
"55","Hooked On A Feeling","Blue Swede","Hooked On A Feeling","1973","Spring",75,0.261,0.547,0.82,0,0.3,-6.728,0.0805,118.208,"8","1",172866,0.933,"4","6Ac4NVYYl2U73QiTt11ZKd","classic swedish pop",NA,NA,NA,NA,NA,NA,NA
"56","Check It Out","Oh The Larceny","Oh the Larceny","2017","Winter",58,0.0174,0.643,0.944,0.0013,0.3,-3.514,0.0844,120.034,"5","0",161500,0.715,"4","7KkjTn0eDfjhyNLkhnEjCl","bossbeat","rebel blues",NA,NA,NA,NA,NA,NA
"57","Lifetime (with Ty Dolla $ign & 070 Shake)","Swedish House Mafia","Paradise Again","2022","Spring",63,0.0205,0.584,0.718,2.99e-06,0.906,-7.824,0.126,99.841,"11","0",186805,0.155,"4","3QqHt507QJZCzluEYsnv4u","edm","pop dance","progressive electro house",NA,NA,NA,NA,NA
"58","Drive (feat. Chip, Russ Millions, French The Kid, Wes Nelson & Topic)","Ayo Beatz","Drive (feat. Chip, Russ Millions, French The Kid, Wes Nelson & Topic)","2021","Autumn",45,0.0923,0.596,0.728,0,0.136,-5.667,0.363,132.989,"10","0",224871,0.495,"4","2BPtQJAugxubLbyVWROodm",NA,NA,NA,NA,NA,NA,NA,NA
"59","When Did Your Heart Go Missing?","Rooney","Calling The World","2007","Winter",50,0.00176,0.598,0.93,0,0.0353,-4.014,0.0466,175.795,"9","0",213333,0.97,"4","7bBEDtVmP86Zli3NmBV17y","modern power pop",NA,NA,NA,NA,NA,NA,NA
"60","Andrea","Bresh","Andrea","2022","Winter",46,0.281,0.367,0.596,0,0.125,-8.04,0.118,175.658,"11","0",185125,0.325,"3","03j2Lo97VCDprSk8oLb8Gi","italian hip hop","italian pop","rap genovese",NA,NA,NA,NA,NA
"61","idfc","blackbear","dead","2015","Summer",78,0.0764,0.718,0.422,0,0.17,-9.115,0.0621,144.678,"4","0",207026,0.455,"4","3SErMoIKdRELto2OspGs5L","pop",NA,NA,NA,NA,NA,NA,NA
"62","Amazing","George Michael","Patience","2004","Spring",62,0.0884,0.805,0.754,1.77e-06,0.117,-6.825,0.0394,128.429,"10","0",265826,0.88,"4","0hsrqeudoR9Kymm7RNiVoq","new wave pop",NA,NA,NA,NA,NA,NA,NA
"63","LUNA PIENA (con IRAMA)","Rkomi","TAXI DRIVER","2021","Autumn",67,0.405,0.722,0.841,0,0.0876,-3.561,0.0545,99.963,"1","1",166983,0.467,"4","6z7tGTD6yvyloEm6K2H8EX","italian hip hop","italian pop",NA,NA,NA,NA,NA,NA
"64","Open Bar","Il Pagante","Devastante","2022","Winter",50,0.088,0.843,0.879,0,0.056,-4.046,0.151,122.019,"11","0",190327,0.824,"4","1Ia2pWls0xmcvZmtqZ3Ksn","italian adult pop","italian pop",NA,NA,NA,NA,NA,NA
"65","Freedom for my People","Oliver Heldens","Freedom for my People","2020","Winter",32,0.179,0.435,0.737,0.0463,0.115,-6.562,0.0481,122.007,"11","0",297054,0.282,"4","7wOirxr2EhVVFeG8Rs0Jnx","dutch house","edm","electro house","future house","house","pop dance","progressive electro house","progressive house"
"66","THATS WHAT I WANT","Lil Nas X","MONTERO","2021","Autumn",83,0.00614,0.737,0.846,0,0.0486,-4.51,0.22,87.981,"1","0",143901,0.546,"4","0e8nrvls4Qqv5Rfa2UhqmO","lgbtq+ hip hop",NA,NA,NA,NA,NA,NA,NA
"67","Prometto (feat. Rkomi & Luchè)","Night Skinny","Mattoni","2019","Autumn",61,0.0506,0.757,0.781,0,0.1,-9.071,0.101,100.027,"1","0",194861,0.326,"4","35DgCphwTxRkI2jUec0mWA","italian hip hop","rap siciliano","trap italiana",NA,NA,NA,NA,NA
"68","GLI ALTRI (Giorni Stupidi)","Marracash","NOI, LORO, GLI ALTRI","2021","Autumn",55,0.0534,0.602,0.844,0,0.0662,-3.903,0.142,93.952,"2","1",201000,0.499,"4","17cDJE4DUg0yyt5ul8xo2K","italian hip hop","italian pop","italian underground hip hop","rap napoletano",NA,NA,NA,NA
"69","Bones","Imagine Dragons","Bones","2022","Spring",83,0.0206,0.773,0.742,0,0.0754,-3.678,0.046,114.071,"5","0",165264,0.571,"4","0HqZX76SFLDz2aW8aiqi7G","modern rock","pop","rock",NA,NA,NA,NA,NA
"70","Something Stupid (feat. AWA)","Jonas Blue","Something Stupid (feat. AWA)","2021","Winter",54,0.276,0.705,0.864,0.00037,0.0872,-5.13,0.0344,120.012,"0","0",176734,0.626,"4","2UCu2FoXFZpCT36lYzej4O","pop","pop dance","tropical house","uk dance",NA,NA,NA,NA
"71","NO HEROES - Outro","Bresh","CHE IO MI AIUTI","2020","Winter",35,0.168,0.636,0.66,0,0.113,-8.089,0.0945,169.893,"0","1",231235,0.57,"4","5dkNyMGXUc3UQ2kEt19BDx","italian hip hop","italian pop","rap genovese",NA,NA,NA,NA,NA
"72","Ainsi bas la vida","Indila","Mini World (Deluxe)","2014","Autumn",71,0.0486,0.776,0.641,5.77e-06,0.0977,-6.925,0.0981,128.05,"8","1",214760,0.437,"4","4lsOsGMzO1yCjGVucoWOZ1","french pop",NA,NA,NA,NA,NA,NA,NA
"73","I love you baby","Jovanotti","Mediterraneo","2022","Spring",61,0.123,0.661,0.775,0,0.237,-5.656,0.0378,139.975,"6","0",212985,0.81,"4","1v9ABGLSpdhPDEWyQ10NFD","italian adult pop","italian pop",NA,NA,NA,NA,NA,NA
"74","Mujeriego","Ryan Castro","Mujeriego","2021","Winter",72,0.0628,0.758,0.621,0,0.0809,-8.033,0.125,79.949,"9","1",142500,0.92,"4","78kygHp1dvW1kncYjBgbe1","reggaeton","trap colombiano","trap latino","urbano latino",NA,NA,NA,NA
"75","Run","OneRepublic","Run","2021","Spring",74,0.326,0.682,0.72,0,0.148,-8.173,0.0381,117.003,"11","0",169010,0.673,"4","2UbVnbE5FH6008mAm6Mmgw","piano rock","pop",NA,NA,NA,NA,NA,NA
"76","Matto","Disme","Malverde","2020","Winter",53,0.0378,0.689,0.64,5.06e-06,0.354,-5.126,0.0754,159.944,"4","0",147479,0.369,"4","0WZFyknU3OYhcI3cl52tvy","emo trap italiana","italian hip hop","rap genovese","trap italiana",NA,NA,NA,NA
"77","hot girl bummer","blackbear","everything means nothing","2020","Summer",79,0.125,0.782,0.559,0,0.385,-7.106,0.0767,129.992,"6","0",188343,0.685,"1","6jRq8gaZhMUyy5RclRPcAf","pop",NA,NA,NA,NA,NA,NA,NA
"78","Yo Contigo, Tú Conmigo - The Gong Gong Song / El Tema De La Película ""Gru 3 Mi Villano Favorito""","Alvaro Soler","Mar De Colores (Versión Extendida)","2019","Spring",58,0.27,0.728,0.665,0,0.0637,-6.272,0.163,93.979,"10","0",179280,0.866,"4","12HWO1YYMV9HEqQpava5zm","latin pop",NA,NA,NA,NA,NA,NA,NA
"79","6 A.M.","Night Skinny","Pezzi","2017","Winter",43,0.254,0.561,0.895,0,0.0941,-4.28,0.282,129.793,"0","0",279093,0.307,"4","03uub8zPx7XK2Z4AklCUiD","italian hip hop","rap siciliano","trap italiana",NA,NA,NA,NA,NA
"80","Come & Go (with Marshmello)","Juice WRLD","Legends Never Die","2020","Summer",79,0.0172,0.625,0.814,0,0.158,-5.181,0.0657,144.991,"0","1",205484,0.535,"4","2Y0wPrPQBrGhoLn14xRYCG","chicago rap","melodic rap","rap",NA,NA,NA,NA,NA
"81","Lovers on the Sun (feat. Sam Martin)","David Guetta","Listen","2014","Autumn",72,0.0932,0.645,0.891,3.88e-06,0.379,-2.505,0.0387,124.915,"6","0",203520,0.568,"4","2rgtCOVK2tpfao2VjURn84","big room","dance pop","edm","pop","pop dance",NA,NA,NA
"82","Ulisse","Bresh","ORO BLU","2022","Spring",52,0.203,0.705,0.661,0,0.125,-7.284,0.0517,132.969,"8","1",177250,0.469,"4","0M0fitIB6l5CFlm9pukiEm","italian hip hop","italian pop","rap genovese",NA,NA,NA,NA,NA
"83","Centuries","Fall Out Boy","American Beauty/American Psycho","2015","Winter",82,0.00359,0.393,0.858,0,0.102,-2.868,0.0729,176.042,"4","0",228360,0.56,"4","04aAxqtGp5pv12UXAg4pkq","emo","modern rock","pop","rock",NA,NA,NA,NA
"84","Cali","Vale Pain","2020","2020","Winter",61,0.301,0.796,0.636,0,0.215,-10.58,0.225,97.953,"2","1",198367,0.563,"4","2Dlll94x7rzrrw2mN0PGjE","trap italiana",NA,NA,NA,NA,NA,NA,NA
"85","Royalty","Egzod","Royalty","2021","Spring",82,0.0181,0.388,0.855,8.11e-05,0.137,-4.229,0.0644,80.121,"4","0",223520,0.32,"4","7kUljt0NM5sISL3OGNVxYd",NA,NA,NA,NA,NA,NA,NA,NA
"86","ALWAYS DO","The Kid LAROI","F*CK LOVE 3+: OVER YOU","2021","Summer",69,0.0442,0.762,0.426,0,0.0858,-6.865,0.113,167.827,"8","1",151704,0.582,"4","7gCe88FGMlkyURLPxglbAo","australian hip hop",NA,NA,NA,NA,NA,NA,NA
"87","ZITTI E BUONI","Måneskin","Teatro d'ira - Vol. I","2021","Spring",76,0.00138,0.625,0.939,0,0.424,-3.115,0.0669,102.999,"4","0",194786,0.644,"4","776AftMmFFAWUIEAb3lHhw","indie rock italiano","italian pop",NA,NA,NA,NA,NA,NA
"88","OUV3RTURE","Lazza","SIRIO","2022","Spring",57,0.128,0.702,0.579,0,0.125,-6.846,0.148,140.043,"5","0",172862,0.532,"4","7r9hUF9vWuuTPqGK3YS6Oy","italian hip hop","italian pop","rap genovese","trap italiana",NA,NA,NA,NA
"89","Todo De Ti","Rauw Alejandro","Todo De Ti","2021","Spring",79,0.31,0.78,0.718,0.000163,0.0932,-3.605,0.0506,127.949,"3","0",199604,0.342,"4","4fSIb4hdOQ151TILNsSEaF","puerto rican pop","reggaeton","trap latino","urbano latino",NA,NA,NA,NA
"90","Angelina Jolie","Bresh","ORO BLU","2022","Spring",67,0.073,0.658,0.628,0,0.117,-7.889,0.207,160.171,"7","1",169546,0.621,"4","2wDBnfPlixUHdqrS1HvpvY","italian hip hop","italian pop","rap genovese",NA,NA,NA,NA,NA
"91","Samba","Taxi B","Samba","2022","Spring",46,0.00093,0.63,0.836,2.41e-05,0.208,-4.47,0.0599,159.916,"2","1",149638,0.526,"4","2xZOxK1Emq85FfnJGVR21a","italian hip hop","trap italiana",NA,NA,NA,NA,NA,NA
"92","Stay Away (feat. Ketama126, Side Baby & Franco126)","Night Skinny","Mattoni","2019","Autumn",57,0.219,0.65,0.521,0,0.134,-10.012,0.0893,180.086,"6","1",216000,0.574,"4","6oZJl2T2hdHnMYcZR6VJGb","italian hip hop","rap siciliano","trap italiana",NA,NA,NA,NA,NA
"93","love nwantiti (feat. Dj Yo! & AX'EL) - Remix","CKay","love nwantiti (feat. Dj Yo! & AX'EL) [Remix]","2021","Autumn",76,0.436,0.579,0.596,0.0938,0.0549,-4.823,0.0561,119.9,"8","1",188368,0.443,"3","4gvrJnKCKIPiacNsWVQwEU","afro r&b","afrobeats",NA,NA,NA,NA,NA,NA
"94","Virus","Heavenly","Virus","2007","Winter",35,4.9e-06,0.508,0.954,0.404,0.126,-4.689,0.0388,100.026,"7","1",375466,0.366,"4","7FTJOE2YxTLEvalLck06iP","c86","french metal","melodic metal","neo classical metal","power metal","symphonic metal",NA,NA
"95","Don't Wait Up","Shakira","Don't Wait Up","2021","Summer",61,0.344,0.916,0.552,0.000722,0.0566,-5.051,0.0546,118.981,"3","0",204043,0.349,"4","45PF1Y3RcW5MK0jxWvhc4D","colombian pop","dance pop","latin pop","pop",NA,NA,NA,NA
"96","Blow","Kesha","Cannibal (Expanded Edition)","2010","Autumn",71,0.00334,0.753,0.729,5.66e-05,0.073,-3.862,0.0392,120.013,"11","0",219973,0.812,"4","3pYDZTJM2tVBUhIRifWVzI","dance pop","pop",NA,NA,NA,NA,NA,NA
"97","Wow.","Post Malone","Hollywood's Bleeding","2019","Autumn",84,0.136,0.829,0.539,1.78e-06,0.103,-7.359,0.208,99.96,"11","0",149546,0.388,"4","7xQAfvXzm3AkraOtGPWIZg","dfw rap","melodic rap","pop","rap",NA,NA,NA,NA
"98","The Decisive Battle","Nobuo Uematsu","FINAL FANTASY VI Original Soundtrack","1994","Spring",36,0.0236,0.344,0.547,0.98,0.125,-11.977,0.0376,100.515,"9","0",121506,0.809,"4","459meHLoi2qIoAAamGCc0x","chiptune","japanese classical","japanese vgm","orchestral soundtrack","video game music",NA,NA,NA
"99","PARTIRE DA TE","Rkomi","TAXI DRIVER","2021","Autumn",64,0.222,0.656,0.796,0,0.36,-4.294,0.0437,95.009,"11","0",221019,0.699,"4","4HpqJZ9YSAaVsmfNGAyl9w","italian hip hop","italian pop",NA,NA,NA,NA,NA,NA
"100","USCITO DI GALERA","Lazza","SIRIO","2022","Spring",70,0.188,0.594,0.746,0,0.0991,-5.853,0.137,164.231,"7","0",172654,0.0802,"4","01DXwNf1GzEJkYTbXgL0eb","italian hip hop","italian pop","rap genovese","trap italiana",NA,NA,NA,NA
"101","Ring Ring (with Rvssian feat. Clever)","Juice WRLD","Death Race For Love (Bonus Track Version)","2019","Spring",66,0.0768,0.581,0.673,0,0.4,-4.421,0.0549,160.075,"0","0",171816,0.621,"4","4UBKe75v9DYcehHirq4ot4","chicago rap","melodic rap","rap",NA,NA,NA,NA,NA
