"","title","artists","album_name","year","season","popularity","acousticness","danceability","energy","instrumentalness","liveness","loudness","speechiness","tempo","key","mode","duration_ms","valence","time_signature","track.id","genre_1","genre_2","genre_3","genre_4","genre_5","genre_6","genre_7","genre_8","genre_9"
"1","That's Hilarious","Charlie Puth","CHARLIE","2022","Autumn",74,0.739,0.713,0.442,0,0.112,-5.909,0.0604,108.038,"6","1",144933,0.546,"4","0wPKDeY4fZXT6k9bzV0kx0","pop","viral pop",NA,NA,NA,NA,NA,NA,NA
"2","Ladro Di Fiori","BLANCO","Blu Celeste","2021","Autumn",56,0.37,0.596,0.763,0,0.483,-5.367,0.0703,96.189,"1","0",188125,0.606,"4","18E4wq8is4m6wL8HxrEaQ9","italian hip hop","italian pop",NA,NA,NA,NA,NA,NA,NA
"3","Light Switch","Charlie Puth","CHARLIE","2022","Autumn",79,0.105,0.689,0.627,0.000321,0.0905,-5.692,0.308,184.008,"6","1",187703,0.905,"4","1jEBSDN5vYViJQr78W7jr2","pop","viral pop",NA,NA,NA,NA,NA,NA,NA
"4","Ghost","Justin Bieber","Justice","2021","Spring",89,0.185,0.601,0.741,2.91e-05,0.415,-5.569,0.0478,153.96,"2","1",153190,0.441,"4","6I3mqTwhRpn34SLVafSH7G","canadian pop","pop",NA,NA,NA,NA,NA,NA,NA
"5","Finché Non Mi Seppelliscono","BLANCO","Blu Celeste","2021","Autumn",67,0.349,0.727,0.833,0,0.232,-2.594,0.0316,130.024,"4","1",168000,0.86,"4","16EJNayKtC09M0Fi7Py47s","italian hip hop","italian pop",NA,NA,NA,NA,NA,NA,NA
"6","LA CODA DEL DIAVOLO (con ELODIE)","Rkomi","TAXI DRIVER","2021","Autumn",68,0.132,0.481,0.748,7.77e-06,0.126,-6.007,0.356,128.777,"6","0",188975,0.549,"4","6oYcyS6salzWI1ysjEScFh","italian hip hop","italian pop",NA,NA,NA,NA,NA,NA,NA
"7","I Don’t Think That I Like Her","Charlie Puth","CHARLIE","2022","Autumn",70,0.396,0.587,0.548,0,0.109,-5.846,0.0339,186.073,"8","0",188507,0.713,"4","3iLBFgaQJ94iarMgzrTuWb","pop","viral pop",NA,NA,NA,NA,NA,NA,NA
"8","Easy (feat. Fivio Foreign)","Sfera Ebbasta","Italiano","2022","Spring",56,0.189,0.738,0.681,0,0.0983,-6.313,0.163,144.926,"8","0",206101,0.546,"4","0DpTRR4HyiDJH4Waoj9hXU","italian hip hop","italian pop","trap italiana","trap latino",NA,NA,NA,NA,NA
"9","DIO PERDONAMI (64 Bars)","Various Artists","Red Bull 64 Bars, The Album","2021","Spring",56,0.348,0.707,0.803,0,0.178,-4.071,0.265,119.628,"7","1",150250,0.645,"4","5O6w2iUCO0z1n7jXXF0H8b",NA,NA,NA,NA,NA,NA,NA,NA,NA
"10","BABY GODDAMN","Tananai","BABY GODDAMN","2021","Spring",62,0.0317,0.819,0.764,2.73e-05,0.0579,-3.311,0.1,114.033,"10","0",149605,0.885,"4","3yWHQ4n4ARLDfYTuT2NhnN","italian pop",NA,NA,NA,NA,NA,NA,NA,NA
"11","Suffer","Charlie Puth","Nine Track Mind","2016","Winter",56,0.75,0.58,0.443,0,0.0742,-7.323,0.0498,175.938,"3","0",210680,0.576,"3","60wzbPwV6EHfBTAf95rb9n","pop","viral pop",NA,NA,NA,NA,NA,NA,NA
"12","Tienimi stanotte","Luigi Strangis","Strangis","2022","Summer",58,0.118,0.571,0.876,0,0.367,-4.993,0.204,154.992,"2","1",204692,0.603,"4","1B1b3WvN7AuGW5hQeH5KTn",NA,NA,NA,NA,NA,NA,NA,NA,NA
"13","Paraocchi","BLANCO","Blu Celeste","2021","Autumn",61,0.0136,0.566,0.938,0,0.1,-4.387,0.0709,143.126,"9","1",156083,0.753,"4","40zkeKA3HRN8Nzo6kbNOCp","italian hip hop","italian pop",NA,NA,NA,NA,NA,NA,NA
"14","Mezzanotte","Ana Mena","Mezzanotte","2022","Summer",57,0.058,0.757,0.737,0,0.173,-3.175,0.0511,129.941,"6","1",165230,0.705,"4","3hXAHE8hVhksnZjVlCj6Jn","spanish pop",NA,NA,NA,NA,NA,NA,NA,NA
"15","Cheating on You","Charlie Puth","Cheating on You","2019","Autumn",79,0.0131,0.749,0.535,3.65e-05,0.0982,-6.785,0.0336,123.042,"4","1",196606,0.601,"4","0ClPIeT6MSgfSgQ9ZrJbAq","pop","viral pop",NA,NA,NA,NA,NA,NA,NA
"16","Occhi Lucidi","Leon Faun","Occhi Lucidi","2020","Winter",44,0.264,0.701,0.541,0,0.118,-6.403,0.21,185.511,"2","0",144838,0.834,"3","7dYgzrhdIIjTQTvUjlrWxa","italian hip hop",NA,NA,NA,NA,NA,NA,NA,NA
"17","Mezz’Ora Di Sole","BLANCO","Blu Celeste","2021","Autumn",60,0.606,0.677,0.679,0,0.17,-4.476,0.0504,124.421,"8","0",118185,0.402,"4","0GMrDNkDnTcSX7NDJoCj64","italian hip hop","italian pop",NA,NA,NA,NA,NA,NA,NA
"18","Italiano Anthem","Sfera Ebbasta","Italiano Anthem","2022","Spring",57,0.0619,0.555,0.613,0,0.198,-6.746,0.0368,131.922,"4","0",135934,0.0988,"4","0oMq1JmynUHMCOfH40k7B8","italian hip hop","italian pop","trap italiana","trap latino",NA,NA,NA,NA,NA
"19","BOY","Charlie Puth","Voicenotes","2018","Spring",58,0.149,0.725,0.77,2.17e-05,0.0641,-6.24,0.0539,93.009,"1","1",263413,0.647,"4","7aSvPfoqiM0zwPqupLGaHd","pop","viral pop",NA,NA,NA,NA,NA,NA,NA
"20","Love Me","Justin Bieber","My World","2009","Winter",71,0.00939,0.729,0.868,0,0.283,-3.319,0.0609,124.957,"3","1",191573,0.632,"4","0yIywEquxORnu1dR0WYsdN","canadian pop","pop",NA,NA,NA,NA,NA,NA,NA
"21","Brividi","Mahmood","Brividi","2022","Winter",65,0.448,0.523,0.614,0,0.254,-4.435,0.0347,122.962,"7","1",199146,0.342,"4","1ZMGp9MTXbtAPvcKa0U3zS","italian adult pop","italian pop",NA,NA,NA,NA,NA,NA,NA
"22","farfalle","sangiovanni","farfalle","2022","Winter",59,0.0927,0.733,0.784,0,0.195,-5.211,0.0606,120.016,"3","1",164000,0.377,"4","5HujDMiRNqZwEzVAh3oFD3","italian adult pop","italian pop",NA,NA,NA,NA,NA,NA,NA
"23","How Long","Charlie Puth","Voicenotes","2018","Spring",80,0.211,0.845,0.561,3.49e-06,0.0383,-5.253,0.0778,109.974,"1","0",200853,0.811,"4","6wmAHw1szh5RCKSRjiXhPe","pop","viral pop",NA,NA,NA,NA,NA,NA,NA
"24","Chupa Chupa","VillaBanks","Non Lo So","2019","Autumn",59,0.104,0.942,0.544,1.33e-06,0.0721,-6.71,0.238,100.003,"5","1",124950,0.757,"4","62yfVDs0Vw3lpDLKDjCW0G","italian hip hop","italian pop","trap italiana",NA,NA,NA,NA,NA,NA
"25","Lucciole","BLANCO","Blu Celeste","2021","Autumn",55,0.852,0.737,0.435,0,0.0987,-7.301,0.0546,123.082,"1","0",176097,0.466,"4","7HmgMA9PqikUtSG4eusHy2","italian hip hop","italian pop",NA,NA,NA,NA,NA,NA,NA
"26","SOLITE PARE (feat. thasup & Sfera Ebbasta)","Sick Luke","X2","2022","Winter",65,0.282,0.66,0.79,0,0.299,-4.344,0.0537,111.071,"9","0",211660,0.556,"3","0PQxC8NHgiKXLK3Zm6QoCj","italian hip hop","trap italiana",NA,NA,NA,NA,NA,NA,NA
"27","Left and Right (Feat. Jung Kook of BTS)","Charlie Puth","Left and Right (Feat. Jung Kook of BTS)","2022","Summer",79,0.619,0.881,0.592,1.32e-05,0.0901,-4.898,0.0324,101.058,"2","1",154486,0.719,"4","0mBP9X2gPCuapvpZ7TGDk3","pop","viral pop",NA,NA,NA,NA,NA,NA,NA
"28","Gimme! Gimme! Gimme! (A Man After Midnight)","ABBA","Voulez-Vous","1979","missing",83,0.02,0.749,0.491,0.00899,0.159,-9.655,0.0403,119.528,"10","1",292613,0.536,"4","3vkQ5DAB1qQMYO4Mr9zJN6","europop","swedish pop",NA,NA,NA,NA,NA,NA,NA
"29","Afrodite","BLANCO","Blu Celeste","2021","Autumn",53,0.604,0.541,0.582,0,0.371,-4.507,0.0315,80.066,"2","1",192000,0.189,"4","5AfqbfOmAdHHxckT0bkAlz","italian hip hop","italian pop",NA,NA,NA,NA,NA,NA,NA
"30","Hace Calor - Remix","Kaleb Di Masi","Hace Calor (Remix)","2022","Summer",68,0.367,0.889,0.618,0.00438,0.105,-5.124,0.0627,130.021,"5","0",247384,0.444,"4","3h043RAJ7tKaG1HDFeet6w","cumbia 420","rkt",NA,NA,NA,NA,NA,NA,NA
"31","Dangerously","Charlie Puth","Nine Track Mind","2016","Winter",78,0.364,0.696,0.517,0,0.197,-8.379,0.0366,112.291,"2","0",199133,0.23,"3","3qonjOrhFCfTnaaMruHzxW","pop","viral pop",NA,NA,NA,NA,NA,NA,NA
"32","IDGAF","Dua Lipa","Dua Lipa (Deluxe)","2017","Summer",82,0.0403,0.836,0.544,0,0.0824,-5.975,0.0943,97.028,"7","1",217946,0.51,"4","76cy1WJvNGJTj78UqeA5zr","dance pop","pop","uk pop",NA,NA,NA,NA,NA,NA
"33","Nostalgia","BLANCO","Nostalgia","2022","Summer",64,0.0372,0.644,0.904,0,0.0767,-3.749,0.0605,130.061,"0","1",182307,0.562,"4","22gH5Qg5j5ZzF7LaR7Nrkj","italian hip hop","italian pop",NA,NA,NA,NA,NA,NA,NA
"34","LONDRA","Rosa Chemical","FOREVER","2020","Spring",47,0.0545,0.683,0.806,0,0.0618,-4.348,0.0521,106.018,"7","1",194779,0.522,"4","1zBr4jTyegVrBeGUgZgy7l","italian hip hop","italian pop",NA,NA,NA,NA,NA,NA,NA
"35","The Way I Am","Charlie Puth","Voicenotes","2018","Spring",67,0.314,0.755,0.769,2.38e-06,0.0628,-5.658,0.186,114.966,"10","0",186080,0.642,"4","6qNALlmZa1ESnCxJmXE1K9","pop","viral pop",NA,NA,NA,NA,NA,NA,NA
"36","Non Voglio Cambiarti","Giunta","Non Voglio Cambiarti","2022","Summer",4,0.347,0.696,0.866,0,0.132,-3.301,0.171,99.954,"0","1",164257,0.787,"4","2UHyjwk5sw4tAoWot9Yq2Q",NA,NA,NA,NA,NA,NA,NA,NA,NA
"37","Sai Cosa C’è","BLANCO","Blu Celeste","2021","Autumn",53,0.217,0.502,0.778,0,0.0756,-4.029,0.113,157.923,"3","1",149050,0.687,"4","3NI4VgVswVf503sOiZvv4m","italian hip hop","italian pop",NA,NA,NA,NA,NA,NA,NA
"38","Vieni nel mio cuore","Ultimo","Vieni nel mio cuore","2022","Spring",57,0.248,0.677,0.66,0,0.177,-7.104,0.0462,127.087,"1","1",172761,0.253,"4","0OHD6Ask31KqVqxge0OwlG","italian adult pop","italian pop",NA,NA,NA,NA,NA,NA,NA
"39","No More Drama","Charlie Puth","CHARLIE","2022","Autumn",58,0.693,0.555,0.648,0.000644,0.128,-6.539,0.296,195.887,"11","0",140041,0.641,"4","2g3afkZqrBxT9RWNSPSWa7","pop","viral pop",NA,NA,NA,NA,NA,NA,NA
"40","Hailey","Justin Bieber","Justice (The Complete Edition)","2021","Autumn",66,0.0367,0.462,0.745,0,0.0795,-6.588,0.0699,100.042,"0","0",193354,0.254,"4","23EquxExXkNmGCCY96P0Iu","canadian pop","pop",NA,NA,NA,NA,NA,NA,NA
"41","Blu Celeste","BLANCO","Blu Celeste","2021","Autumn",59,0.921,0.688,0.442,0,0.366,-5.611,0.0354,116.463,"9","1",206379,0.252,"4","0BeXxjO6mgLDzg4xA6UheO","italian hip hop","italian pop",NA,NA,NA,NA,NA,NA,NA
"42","Mamma Mia","Sfera Ebbasta","Italiano","2022","Spring",54,0.042,0.762,0.609,2.78e-06,0.25,-5.934,0.0369,99.971,"8","0",166796,0.266,"4","26UdsVIpWmlfa3NfvDWC7U","italian hip hop","italian pop","trap italiana","trap latino",NA,NA,NA,NA,NA
"43","Smells Like Me","Charlie Puth","CHARLIE","2022","Autumn",55,0.329,0.602,0.565,0,0.0622,-6.498,0.0498,208.038,"11","1",204079,0.609,"4","0OM84HfW4XX1kmwCMDPmcS","pop","viral pop",NA,NA,NA,NA,NA,NA,NA
"44","Is There Someone Else?","The Weeknd","Dawn FM","2022","Winter",87,0.0388,0.702,0.586,7.27e-05,0.156,-7.83,0.0313,134.951,"9","0",199111,0.608,"4","0mL82sxCRjrs3br407IdJh","canadian contemporary r&b","canadian pop","pop",NA,NA,NA,NA,NA,NA
"45","Pornografia (Bianco Paradiso)","BLANCO","Blu Celeste","2021","Autumn",56,0.236,0.481,0.912,0,0.556,-2.373,0.0764,165.031,"7","1",158606,0.748,"4","7vWjyIST4LV6AOJsI0lolL","italian hip hop","italian pop",NA,NA,NA,NA,NA,NA,NA
"46","Partirò da zero","Luigi Strangis","Strangis","2022","Summer",35,0.114,0.464,0.872,0,0.0742,-3.806,0.0717,148.222,"5","1",167174,0.364,"4","3zdyaT6AYNUuqX1iHBwpzs",NA,NA,NA,NA,NA,NA,NA,NA,NA
"47","River","Charlie Puth","Nine Track Mind (Deluxe Edition)","2016","Autumn",53,0.838,0.775,0.329,0,0.108,-6.962,0.034,100.034,"4","0",191360,0.252,"4","3ZAbzT3EIBAM4pDB6pD8V6","pop","viral pop",NA,NA,NA,NA,NA,NA,NA
"48","Die For You","The Weeknd","Starboy","2016","Autumn",85,0.111,0.582,0.525,0,0.134,-7.163,0.0627,133.249,"1","0",260252,0.51,"4","2Ch7LmS7r2Gy2kc64wv3Bz","canadian contemporary r&b","canadian pop","pop",NA,NA,NA,NA,NA,NA
"49","David","BLANCO","Blu Celeste","2021","Autumn",47,0.344,0.517,0.744,7.79e-06,0.446,-4.281,0.0508,92.927,"9","0",193548,0.295,"4","5ywyHzNUe5Jc1qg44fio5x","italian hip hop","italian pop",NA,NA,NA,NA,NA,NA,NA
"50","Propaganda","Fabri Fibra","Caos","2022","Spring",57,0.0372,0.894,0.778,0,0.178,-3.868,0.0881,105.015,"4","0",213506,0.888,"4","6t0ovtgnoAq9orbnisSzZp","italian hip hop","italian pop","rap napoletano",NA,NA,NA,NA,NA,NA
"51","Charlie Be Quiet!","Charlie Puth","CHARLIE","2022","Autumn",59,0.205,0.753,0.662,3.66e-06,0.0851,-4.25,0.0702,94.958,"8","1",128364,0.466,"4","3E9es0SK2EusrHA7IaO7Zu","pop","viral pop",NA,NA,NA,NA,NA,NA,NA
"52","Oh Cacchio","Leon Faun","Oh Cacchio","2019","Autumn",51,0.235,0.796,0.69,0,0.154,-11.431,0.319,100.131,"7","1",129624,0.604,"4","10y452DRiLSzDQAcX2Ek2j","italian hip hop",NA,NA,NA,NA,NA,NA,NA,NA
"53","Figli Di Puttana","BLANCO","Blu Celeste","2021","Autumn",49,0.366,0.575,0.891,0,0.13,-2.627,0.136,175.053,"11","1",133200,0.723,"4","6LcCFhsX2QjDD1lILjdBnv","italian hip hop","italian pop",NA,NA,NA,NA,NA,NA,NA
"54","Niente","Ultimo","Solo","2021","Autumn",56,0.384,0.646,0.785,0,0.0834,-4.466,0.0604,139.909,"11","0",238546,0.344,"4","7l87A53SidoE3XQ1aaG7Qt","italian adult pop","italian pop",NA,NA,NA,NA,NA,NA,NA
"55","Loser","Charlie Puth","CHARLIE","2022","Autumn",56,0.623,0.698,0.623,0.0856,0.179,-7.845,0.037,102.002,"8","0",204376,0.625,"4","4oTn7ylKtjeMYwxatEVFAt","pop","viral pop",NA,NA,NA,NA,NA,NA,NA
"56","cielo dammi la luna","sangiovanni","CADERE VOLARE","2022","Spring",48,0.796,0.379,0.345,0,0.103,-6.468,0.0438,169.807,"1","0",154271,0.523,"3","2bIChMeF4rVtioVGcyYU8f","italian adult pop","italian pop",NA,NA,NA,NA,NA,NA,NA
"57","LA CANZONE NOSTRA ⟁ (con BLANCO & Salmo)","MACE","LA CANZONE NOSTRA ⟁ (con BLANCO & Salmo)","2021","Winter",57,0.12,0.656,0.678,1.86e-05,0.147,-6.851,0.0507,129.871,"5","0",237613,0.166,"3","0aQi1JGO1oKWEmKGfvf8TF","funk carioca","italian hip hop","italian pop",NA,NA,NA,NA,NA,NA
"58","This Is The Life","Amy Macdonald","This Is The Life (eDeluxe)","2007","Winter",81,0.259,0.628,0.882,0,0.065,-5.024,0.0323,95.083,"1","0",184413,0.853,"4","2T3jgoAMbBXiMMD8pSc6QL","scottish singer-songwriter",NA,NA,NA,NA,NA,NA,NA,NA
"59","Somebody Told Me","Charlie Puth","Voicenotes","2018","Spring",53,0.101,0.592,0.839,0,0.0528,-4.944,0.0564,168.501,"1","0",216053,0.457,"4","1PuQTv1Kr1gzLgVeATSuh6","pop","viral pop",NA,NA,NA,NA,NA,NA,NA
"60","Piccola Stella","Ultimo","Colpa Delle Favole","2019","Spring",68,0.341,0.487,0.465,0,0.111,-8.019,0.0474,179.907,"2","1",232666,0.288,"3","6sLBJkMyZIkGevtpYgeotT","italian adult pop","italian pop",NA,NA,NA,NA,NA,NA,NA
"61","Cold Heart - PNAU Remix","Elton John","The Lockdown Sessions","2021","Autumn",82,0.0354,0.795,0.8,7.25e-05,0.0915,-6.32,0.0309,116.032,"1","1",202735,0.934,"4","6JIC3hbC28JZKZ8AlAqX8h","glam rock","mellow gold","piano rock","rock",NA,NA,NA,NA,NA
"62","Off My Face","Justin Bieber","Justice (The Complete Edition)","2021","Autumn",51,0.92,0.509,0.228,0,0.104,-8.68,0.0332,90.674,"4","1",156467,0.586,"4","3Ic8V1CEjOY53OVpo2k1Ap","canadian pop","pop",NA,NA,NA,NA,NA,NA,NA
"63","Slow It Down","Charlie Puth","Voicenotes","2018","Spring",57,0.264,0.733,0.754,0,0.131,-3.392,0.0593,115.024,"0","0",190053,0.849,"4","6TapyDFlRUlZ4cmIaqJx4k","pop","viral pop",NA,NA,NA,NA,NA,NA,NA
"64","Un mondo d'amore","Gianni Morandi","Questa E La Storia: Andavo A Cento All'ora","1994","Autumn",26,0.229,0.355,0.33,0,0.0362,-11.94,0.0301,82.962,"0","1",162106,0.653,"4","6OxceRyD6eeuF8kkjyBCSc","classic italian pop","italian adult pop",NA,NA,NA,NA,NA,NA,NA
"65","Late Night Talking","Harry Styles","Harry's House","2022","Spring",86,0.298,0.714,0.728,0,0.106,-4.595,0.0468,114.996,"10","1",177954,0.901,"4","1qEmFfgcLObUfQm0j1W2CK","pop",NA,NA,NA,NA,NA,NA,NA,NA
"66","Save Your Tears (Remix) (with Ariana Grande) - Bonus Track","The Weeknd","After Hours (Deluxe)","2020","Spring",83,0.0215,0.65,0.825,2.44e-05,0.0936,-4.645,0.0325,118.091,"0","1",191013,0.593,"4","1oFAF1hdPOickyHgbuRjyX","canadian contemporary r&b","canadian pop","pop",NA,NA,NA,NA,NA,NA
"67","When You’re Sad I’m Sad","Charlie Puth","CHARLIE","2022","Autumn",51,0.887,0.65,0.225,0,0.125,-11.826,0.0629,77.279,"1","1",174036,0.406,"4","4JC4Gj3DcAkwh9rvBeYoXy","pop","viral pop",NA,NA,NA,NA,NA,NA,NA
"68","Good In Bed","Dua Lipa","Future Nostalgia","2020","Spring",60,0.138,0.68,0.701,0.000191,0.168,-5.001,0.0917,94.06,"5","1",218754,0.649,"4","6uAFJ75WDAoAPyCWJAtvks","dance pop","pop","uk pop",NA,NA,NA,NA,NA,NA
"69","Domani che fai?","Will","Domani che fai?","2022","Winter",41,0.448,0.64,0.719,0,0.0906,-6.001,0.057,172.47,"2","1",188173,0.5,"3","0Ndbfh9wjlvBDtGtRFOvyh","italian pop","pop virale italiano",NA,NA,NA,NA,NA,NA,NA
"70","Non mi diverto (feat. MamboLosco)","DJ Matrix","Musica da giostra Vol. 9","2022","Summer",47,0.0502,0.932,0.652,0,0.0575,-3.138,0.226,100.014,"9","0",165600,0.673,"4","23Glc0ZuQGJYQNcMyg3ge5","italian adult pop","italian pop","italo dance",NA,NA,NA,NA,NA,NA
"71","Been You","Justin Bieber","Purpose (Deluxe)","2015","Autumn",58,0.0223,0.74,0.781,0,0.321,-6.204,0.07,113.021,"7","0",199226,0.861,"4","6gcA4zzG6FnMEgPSDKbAMs","canadian pop","pop",NA,NA,NA,NA,NA,NA,NA
"72","Pensa","Various Artists","Sanremo 2007","2007","Spring",37,0.126,0.685,0.791,0,0.0679,-5.532,0.0316,92.017,"0","1",225986,0.646,"4","21eimqDW4tvXXTfqGAvI16",NA,NA,NA,NA,NA,NA,NA,NA,NA
"73","Gotham","Ernia","Come Uccidere Un Usignolo","2017","Summer",48,0.368,0.862,0.621,1.38e-06,0.134,-10.717,0.436,119.835,"1","1",178000,0.401,"4","30qcU0IsKJFVTgKQSFcOXb","italian hip hop","italian pop","milan indie",NA,NA,NA,NA,NA,NA
"74","Ossigeno","Rkomi","Ossigeno - EP","2018","Summer",50,0.0323,0.694,0.63,0,0.229,-6.171,0.156,98.168,"7","1",180600,0.252,"4","3XN4GUi9JaQvPdXJNAAo2C","italian hip hop","italian pop",NA,NA,NA,NA,NA,NA,NA
"75","1, 2, 3 (feat. Jason Derulo & De La Ghetto)","Sofía Reyes","1, 2, 3 (feat. Jason Derulo & De La Ghetto)","2018","Winter",71,0.165,0.792,0.895,0,0.0501,-3.112,0.0589,94.968,"1","0",201526,0.794,"4","4QtiVmuA88tPQiCOHZuQ5b","latin pop","latin viral pop","mexican pop","reggaeton",NA,NA,NA,NA,NA
"76","telepatía","Kali Uchis","Sin Miedo (del Amor y Otros Demonios) ∞","2020","Winter",85,0.112,0.653,0.524,0,0.203,-9.016,0.0502,83.97,"11","0",160191,0.553,"4","6tDDoYIxWvMLTdKpjFkc1B","colombian pop",NA,NA,NA,NA,NA,NA,NA,NA
"77","PASTA","Tananai","PASTA","2022","Summer",45,0.0675,0.871,0.748,0.0184,0.275,-4.4,0.166,105.018,"6","0",129142,0.517,"4","5s7DyFhIKaE6ZLpjbZ1VNL","italian pop",NA,NA,NA,NA,NA,NA,NA,NA
"78","Less Than Zero","The Weeknd","Dawn FM","2022","Winter",80,0.00096,0.535,0.791,0.000155,0.0788,-5.55,0.0327,142.981,"0","1",211814,0.5,"4","2D4dV2KXDTszzJ3p3cFqhA","canadian contemporary r&b","canadian pop","pop",NA,NA,NA,NA,NA,NA
"79","Marks On My Neck","Charlie Puth","CHARLIE","2022","Autumn",51,0.2,0.855,0.607,1.84e-05,0.0723,-8.587,0.0422,142.002,"1","1",138159,0.943,"4","55ruPNJ55uKjtm77nf3lPD","pop","viral pop",NA,NA,NA,NA,NA,NA,NA
"80","Quei ragazzi","Ultimo","Solo","2021","Autumn",46,0.0325,0.419,0.695,0,0.0883,-4.725,0.22,195.725,"11","1",205413,0.567,"4","1HnUnEY0slQKsVKekaqZ5I","italian adult pop","italian pop",NA,NA,NA,NA,NA,NA,NA
"81","Deserve You","Justin Bieber","Justice","2021","Spring",65,0.0314,0.677,0.633,0,0.112,-7.831,0.0771,89.934,"7","1",187238,0.409,"4","5NU40QTlXrDUJzDBdv79bg","canadian pop","pop",NA,NA,NA,NA,NA,NA,NA
"82","Out of Time","The Weeknd","Dawn FM","2022","Winter",81,0.255,0.65,0.76,0,0.339,-4.422,0.0446,93.057,"0","0",214193,0.838,"4","2SLwbpExuoBDZBpjfefCtV","canadian contemporary r&b","canadian pop","pop",NA,NA,NA,NA,NA,NA
"83","LA DOLCE VITA","Fedez","LA DOLCE VITA","2022","Summer",62,0.0124,0.737,0.858,0,0.382,-3.589,0.0527,144.991,"8","1",187862,0.919,"4","0I0b7uTFfHhBz5bMkSDouF","italian adult pop","italian pop",NA,NA,NA,NA,NA,NA,NA
"84","Il bambino che contava le stelle","Ultimo","Solo","2021","Autumn",56,0.758,0.707,0.39,0,0.17,-6.81,0.0419,89.9,"6","0",147973,0.439,"4","06RGdoTHoxRRIadjK6l8hx","italian adult pop","italian pop",NA,NA,NA,NA,NA,NA,NA
"85","Tears On My Piano","Charlie Puth","CHARLIE","2022","Autumn",54,0.239,0.562,0.729,1.33e-05,0.111,-5.503,0.0926,192.168,"1","0",181385,0.831,"4","7mWBvNosCez1ry9f1ba197","pop","viral pop",NA,NA,NA,NA,NA,NA,NA
"86","Shakerando","Rhove","Shakerando","2021","Winter",66,0.764,0.855,0.805,0.00708,0.302,-5.651,0.191,135.009,"7","0",195555,0.469,"4","4EC028SvtlC25iHQSG2OIa","italian hip hop","italian pop","trap italiana",NA,NA,NA,NA,NA,NA
"87","Hallucinate","Dua Lipa","Future Nostalgia","2020","Spring",68,0.033,0.627,0.69,0,0.0742,-5.396,0.139,122.053,"10","0",208505,0.627,"4","1nYeVF5vIBxMxfPoL0SIWg","dance pop","pop","uk pop",NA,NA,NA,NA,NA,NA
"88","L'unica forza che ho","Ultimo","Pianeti","2017","Autumn",57,0.804,0.48,0.415,0,0.109,-10.181,0.213,170.226,"2","1",243146,0.244,"4","2dlBfRhSt8Zpnb9IJ5eh3m","italian adult pop","italian pop",NA,NA,NA,NA,NA,NA,NA
"89","Senza Di Me (feat. Venerus & Franco126)","Gemitaiz","Senza Di Me","2018","Winter",66,0.167,0.698,0.636,0,0.125,-5.844,0.034,107.282,"8","1",201961,0.313,"3","3xGD5KhnizETt7KQwxtUAc","italian hip hop",NA,NA,NA,NA,NA,NA,NA,NA
"90","Home","Ricky Rosen","Home","2022","Spring",41,0.465,0.615,0.431,0,0.25,-8.003,0.124,137.718,"7","0",184774,0.426,"4","57oBl5Jzy76UWlmUazqzJx",NA,NA,NA,NA,NA,NA,NA,NA,NA
"91","Beethoven","Kenndog","Beethoven","2021","Summer",64,0.15,0.874,0.652,6.34e-06,0.106,-8.915,0.114,102.963,"9","0",144587,0.503,"4","7rYCenkV4OXJgiUuKrhDCb","viral rap",NA,NA,NA,NA,NA,NA,NA,NA
"92","Buongiorno vita","Ultimo","Solo","2021","Autumn",51,0.59,0.559,0.541,0,0.152,-5.451,0.0431,145.169,"7","1",190840,0.48,"4","14rcy4M0wqiPHiCaT8U1Ju","italian adult pop","italian pop",NA,NA,NA,NA,NA,NA,NA
"93","Riflessi - Acoustic","Luigi Strangis","Strangis","2022","Summer",29,0.797,0.562,0.643,0,0.277,-4.974,0.127,65.716,"7","1",124373,0.67,"4","1lAnWVlaPuHF3b83GvDDQl",NA,NA,NA,NA,NA,NA,NA,NA,NA
"94","You Are Not Alone","Michael Jackson","HIStory - PAST, PRESENT AND FUTURE - BOOK I","1995","Summer",70,0.639,0.651,0.402,7.73e-05,0.0765,-9.303,0.028,119.873,"11","1",345600,0.258,"4","3AoeaZs8dFemFJr3JdzOL0","r&b","soul",NA,NA,NA,NA,NA,NA,NA
"95","La più bella","Mecna","La più bella","2021","Autumn",53,0.371,0.753,0.705,1.61e-06,0.114,-5.393,0.114,108.007,"1","0",201250,0.613,"4","6mBrMo2CUoou15ZRqJpmI3","italian hip hop","r&b italiano",NA,NA,NA,NA,NA,NA,NA
"96","Ipocondria","Ultimo","Colpa Delle Favole","2019","Spring",61,0.343,0.711,0.567,0,0.161,-7,0.0798,119.99,"5","1",181301,0.718,"4","6YrDRkcDktxgsPcH8x77xm","italian adult pop","italian pop",NA,NA,NA,NA,NA,NA,NA
"97","okk@pp@","thasup","c@ra++ere s?ec!@le","2022","Autumn",52,0.0963,0.747,0.675,0.000342,0.345,-4.879,0.0422,106.96,"10","1",142373,0.683,"4","7zJed3rkONaRKANBROr7Zr","italian hip hop","italian pop","trap italiana",NA,NA,NA,NA,NA,NA
"98","Phi","Ernia","68 (Till The End)","2019","Spring",56,0.0328,0.896,0.523,0.0243,0.123,-6.858,0.256,100.008,"1","1",174000,0.0662,"4","0E5bmLyxyiHsmc82D5gsiY","italian hip hop","italian pop","milan indie",NA,NA,NA,NA,NA,NA
"99","Up Down (Do This All Day) (feat. B.o.B)","T-Pain","Happy Hour: The Greatest Hits","2014","missing",71,0.256,0.778,0.498,0,0.295,-6.846,0.0562,96.995,"5","0",231093,0.464,"4","6lbhWl34Il0WXm5pX1fM9E","dance pop","gangster rap","hip hop","pop rap","r&b","rap","southern hip hop","trap","urban contemporary"
"100","Sul finale","Ultimo","Solo","2021","Autumn",55,0.371,0.542,0.674,0,0.114,-5.339,0.0476,147.759,"10","1",234960,0.296,"4","3yup5llqOkS6nYSqAggq1S","italian adult pop","italian pop",NA,NA,NA,NA,NA,NA,NA
"101","As I Am (feat. Khalid)","Justin Bieber","Justice","2021","Spring",62,0.131,0.608,0.547,0,0.0974,-8.151,0.0368,99.947,"11","1",174406,0.108,"4","4MmMxyew8yq1OEyJOMaX6M","canadian pop","pop",NA,NA,NA,NA,NA,NA,NA
