"track.name","artists","track.album.name","track.album.release_date","track.popularity","acousticness","danceability","energy","instrumentalness","liveness","loudness","speechiness","tempo","key","mode","track.duration_ms","valence","time_signature","track.id","genre_1","genre_2","genre_3","genre_4","genre_5","genre_6","genre_7","genre_8","genre_9","genre_10","genre_11","genre_12","genre_13","genre_14"
"Sweet Child O' Mine","Guns N' Roses","Appetite For Destruction","1987-07-21",16,0.0866,0.454,0.91,0.0996,0.116,-7.766,0.0448,125.116,6,1,354520,0.629,4,"7o2CTH4ctstm8TNelqjb51","glam metal","hard rock","rock",NA,NA,NA,NA,NA,NA,NA,NA,NA,NA,NA
"Hotel California - 2013 Remaster","Eagles","Hotel California (2013 Remaster)","1976-12-08",86,0.00574,0.579,0.508,0.000494,0.0575,-9.484,0.027,147.125,2,1,391376,0.609,4,"40riOy7x9W7GXjyGp4pjAv","album rock","classic rock","heartland rock","mellow gold","rock","soft rock","yacht rock",NA,NA,NA,NA,NA,NA,NA
"Lontano Dal Tuo Sole","Neffa","Sognando Contromano","2009-06-22",0,0.0967,0.54,0.837,0,0.223,-4.871,0.0483,91.002,4,0,220506,0.828,4,"5KHVl8m4ECBouopqWarPn1","italian adult pop","italian pop","italian underground hip hop","rap napoletano",NA,NA,NA,NA,NA,NA,NA,NA,NA,NA
"La Descrizione Di Un Attimo","Tiromancino","La Descrizione Di Un Attimo","2000-01-01",57,0.579,0.647,0.516,0.000209,0.167,-13.085,0.0353,104.439,10,1,269600,0.62,4,"1A4N8laeRTrrzmSJZdOoJL","classic italian pop","italian adult pop",NA,NA,NA,NA,NA,NA,NA,NA,NA,NA,NA,NA
"Mi Fido Di Te","Jovanotti","Buon Sangue","2005-05-13",59,0.508,0.631,0.547,6.39e-06,0.144,-8.495,0.0397,88.984,0,1,271320,0.473,4,"46KXIKdv0ja37KZ3RIcqu0","italian adult pop","italian pop",NA,NA,NA,NA,NA,NA,NA,NA,NA,NA,NA,NA
"The World Ain't Ready For Me","Noyz Narcos & Fritz Da Cat","Localz Only","2015-06-01",46,0.0225,0.784,0.816,1.8e-06,0.313,-6.212,0.296,82.009,9,1,208292,0.439,4,"6mfgNS4UegxRTeZzY0wXij","italian hip hop","rap napoletano",NA,NA,NA,NA,NA,NA,NA,NA,NA,NA,NA,NA
"Fuori Dalla Città","Mecna","Neverland","2019-10-10",46,0.61,0.634,0.513,0,0.0881,-10.254,0.192,95.116,2,1,268105,0.289,4,"0StxpuoKBB6kq8VzDuUABL","italian hip hop","r&b italiano",NA,NA,NA,NA,NA,NA,NA,NA,NA,NA,NA,NA
"Straight Outta Compton","N.W.A.","Straight Outta Compton","1988-08-08",74,0.0461,0.834,0.878,0,0.334,-9.484,0.15,102.848,8,1,258687,0.418,4,"6KIKRz9eSTXdNsGUnomdtW","conscious hip hop","gangster rap","golden age hip hop","hip hop","old school hip hop","rap","west coast rap",NA,NA,NA,NA,NA,NA,NA
"Come mai","883","Nord Sud Ovest Est","1993",63,0.69,0.565,0.651,0,0.0962,-6.369,0.0259,146.833,5,1,257920,0.531,4,"0gkV0FyCdrJqwyrFW7NsEQ","italian adult pop",NA,NA,NA,NA,NA,NA,NA,NA,NA,NA,NA,NA,NA
"Money For Nothing - Remastered 1996","Dire Straits","Brothers In Arms (Remastered 1996)","1985-05-13",70,0.0456,0.674,0.649,0.000766,0.0644,-9.321,0.0356,134.212,2,0,505333,0.645,4,"4nFNJmjfgBF7jwv2oBC45b","album rock","classic rock","mellow gold","rock",NA,NA,NA,NA,NA,NA,NA,NA,NA,NA
"Brivido","Guè","Bravo Ragazzo (Royal Edition)","2013-01-01",69,0.237,0.628,0.69,0,0.0899,-6.273,0.338,82.285,7,0,227693,0.431,4,"7fH13hSOyNoeiDGbjEnTUC","italian hip hop","italian pop",NA,NA,NA,NA,NA,NA,NA,NA,NA,NA,NA,NA
"For What It's Worth","Buffalo Springfield","Buffalo Springfield","1966-12-05",82,0.406,0.653,0.519,0.0209,0.101,-10.164,0.0497,98.883,2,1,153693,0.822,4,"1qRA5BS78u3gME0loMl9AA","album rock","blues rock","british blues","classic rock","country rock","folk","folk rock","heartland rock","mellow gold","psychedelic rock","rock","roots rock","soft rock","southern rock"
"Aspettando Il Sole","Neffa","Neffa E I Messaggeri Della Dopa","1996-01-01",50,0.162,0.702,0.395,0.0375,0.137,-9.596,0.0464,88.969,1,0,312000,0.646,4,"0HgSaG6pYR3Nlt45GQyrKp","italian adult pop","italian pop","italian underground hip hop","rap napoletano",NA,NA,NA,NA,NA,NA,NA,NA,NA,NA
"Un mestiere qualunque","Cor Veleno","Heavy Metal","2004",35,0.22,0.681,0.778,0,0.0735,-5.333,0.137,84.939,9,0,236573,0.639,4,"68OwzL0UGfgIKTpn0p1azy","italian hip hop","italian underground hip hop","rap italiano old school",NA,NA,NA,NA,NA,NA,NA,NA,NA,NA,NA
"QUALCOSA IN CUI CREDERE - Lo scheletro (feat. Guè)","Marracash","Persona","2020-03-27",56,0.232,0.646,0.874,0,0.177,-4.313,0.22,79.588,9,1,212316,0.319,4,"1t6xoDooMgAqlYDOLTrsxj","italian hip hop","italian pop","italian underground hip hop","rap napoletano",NA,NA,NA,NA,NA,NA,NA,NA,NA,NA
"Bolo By Night","DJ Shocca","60 Hz","2004-10-13",42,0.206,0.848,0.766,0.000397,0.156,-6.629,0.174,90.016,9,0,233786,0.801,4,"44HlIYtlj3BL5IH5zbNA6t","rap italiano old school",NA,NA,NA,NA,NA,NA,NA,NA,NA,NA,NA,NA,NA
"Wicked Game","Chris Isaak","Heart Shaped World","1989-06-13",81,0.68,0.663,0.296,0.00837,0.0879,-18.09,0.0294,112.306,9,1,289066,0.359,4,"7w5AOd6HrDIHewHfpABEss","mellow gold",NA,NA,NA,NA,NA,NA,NA,NA,NA,NA,NA,NA,NA
"PARTIRE DA TE","Rkomi","TAXI DRIVER","2021-11-30",64,0.222,0.656,0.796,0,0.36,-4.294,0.0437,95.009,11,0,221019,0.699,4,"4HpqJZ9YSAaVsmfNGAyl9w","italian hip hop","italian pop",NA,NA,NA,NA,NA,NA,NA,NA,NA,NA,NA,NA
"Foto di gruppo","Bassi Maestro","Foto di gruppo","1998-08-01",0,0.227,0.879,0.468,8.12e-06,0.0986,-5.822,0.284,92,2,1,210946,0.537,4,"5n3qlxzpHwmPbu3UUplyLy","italian hip hop","italian underground hip hop","rap italiano old school",NA,NA,NA,NA,NA,NA,NA,NA,NA,NA,NA
"Tetris","Pinguini Tattici Nucleari","Gioventù brucata","2017-04-14",60,0.68,0.668,0.82,4.67e-06,0.112,-6.089,0.0625,114.98,4,1,350880,0.668,4,"5SGm0Q5Wur9mhpXnbzaPjG","bergamo indie","italian indie pop","italian pop","milan indie",NA,NA,NA,NA,NA,NA,NA,NA,NA,NA
"La Nuova Stella Di Broadway","Cesare Cremonini","La Teoria Dei Colori","2012-01-01",65,0.657,0.473,0.566,3.49e-05,0.0908,-7.984,0.0342,139.879,2,1,267746,0.296,4,"3qtuOAI0YyfoBM1s7Tvm46","italian adult pop","italian pop",NA,NA,NA,NA,NA,NA,NA,NA,NA,NA,NA,NA
"Ciao fraté - Originale","Cor Veleno","Primo Squarta / Bomboclat","2004",41,0.257,0.734,0.7,0,0.0846,-6.164,0.244,99.997,7,0,193200,0.543,4,"2W9CGtzBZzXBjpKuyXkgj2","italian hip hop","italian underground hip hop","rap italiano old school",NA,NA,NA,NA,NA,NA,NA,NA,NA,NA,NA
"MELLOW 5","Halba x Foldino","Barre Mellow","2019-12-27",13,0.275,0.625,0.492,0,0.379,-10.064,0.217,81.033,7,1,202875,0.701,4,"6C1sjvcXd57nC2FaPyYjNV",NA,NA,NA,NA,NA,NA,NA,NA,NA,NA,NA,NA,NA,NA
"Fuori dalla scatola","Stokka & Madbuddy","La cura del microfono","2002-02-07",21,0.0432,0.749,0.848,0,0.167,-5.51,0.248,92.986,11,0,270986,0.852,4,"6BBrvbOnOeLAgDaIMQ1n3F","italian underground hip hop","rap italiano old school","rap siciliano",NA,NA,NA,NA,NA,NA,NA,NA,NA,NA,NA
"Black (feat. Norah Jones)","Danger Mouse","Rome","2011-05-16",53,0.14,0.454,0.638,0.398,0.102,-9.916,0.0292,170.388,5,1,211506,0.748,4,"5H43dazn2x2O9dkDVvaiDS","alternative hip hop","mashup",NA,NA,NA,NA,NA,NA,NA,NA,NA,NA,NA,NA
"Butterfly Knife","Noyz Narcos","Non Dormire","2005-01-01",56,0.573,0.695,0.759,0,0.0726,-4.746,0.498,91.445,4,0,231266,0.748,4,"4vYvY3M4ZtJrS03KqtjYUv","italian hip hop","italian underground hip hop",NA,NA,NA,NA,NA,NA,NA,NA,NA,NA,NA,NA
"Stay Away (feat. Ketama126, Side Baby & Franco126)","Night Skinny","Mattoni","2019-09-12",57,0.219,0.65,0.521,0,0.134,-10.012,0.0893,180.086,6,1,216000,0.574,4,"6oZJl2T2hdHnMYcZR6VJGb","italian hip hop","rap siciliano","trap italiana",NA,NA,NA,NA,NA,NA,NA,NA,NA,NA,NA
"Far Away","Junip","Fields","2010-09-10",49,0.613,0.451,0.678,0.761,0.173,-10.514,0.0333,167.075,2,1,164207,0.437,4,"2PsotMzKAdxPzpsEJYQd4Z","chamber pop","swedish indie rock",NA,NA,NA,NA,NA,NA,NA,NA,NA,NA,NA,NA
"Quanto ti vorrei","chiello","OCEANO PARADISO","2021-10-14",54,0.00721,0.476,0.711,1.81e-06,0.0842,-5.769,0.0336,185.996,2,1,180342,0.756,4,"2KdcUxAJWAARnGTWmSWxwu","italian hip hop",NA,NA,NA,NA,NA,NA,NA,NA,NA,NA,NA,NA,NA
"Bastardi Senza Gloria (feat. Noyz Narcos)","Guè","Sinatra","2018-11-29",55,0.0909,0.765,0.831,0,0.0647,-5.088,0.202,87,6,0,156720,0.805,4,"7BniGjNGbZkzORcJXcm4M0","italian hip hop","italian pop",NA,NA,NA,NA,NA,NA,NA,NA,NA,NA,NA,NA
"Fiamme negli occhi","Coma_Cose","Nostralgia","2021-04-16",58,0.0442,0.687,0.62,1.11e-06,0.131,-6.448,0.0307,104.002,7,1,206253,0.777,4,"60nw7bwqYjVsrccNjF6TMO","italian adult pop","italian alternative","italian indie pop","italian pop","milan indie",NA,NA,NA,NA,NA,NA,NA,NA,NA
"Le luci della città","Coez","Faccio un casino","2017-05-05",70,0.393,0.582,0.544,2.18e-06,0.135,-6.591,0.0362,129.933,7,1,177266,0.142,4,"381VH1JFj9q08V1OMlPU5m","italian adult pop","italian pop","rap napoletano","rome indie",NA,NA,NA,NA,NA,NA,NA,NA,NA,NA
"Purple Yellow Red and Blue","Portugal. The Man","Evil Friends","2013-05-31",57,0.0351,0.601,0.859,0.331,0.144,-6.311,0.0397,101.003,4,0,249746,0.431,4,"4WMuY659P2MKnoW40oGXe8","indie rock","indietronica","modern alternative rock","modern rock",NA,NA,NA,NA,NA,NA,NA,NA,NA,NA
"Veleno","Guè","GVESVS","2021-12-10",62,0.24,0.793,0.772,3.15e-06,0.145,-6.005,0.0422,94.998,2,1,194106,0.674,4,"5b5LAmQZx3mKmhL7PQGegi","italian hip hop","italian pop",NA,NA,NA,NA,NA,NA,NA,NA,NA,NA,NA,NA
"Bagatelle","Pinguini Tattici Nucleari","Il Re è nudo","2014-07-21",50,0.0871,0.538,0.675,0,0.173,-7.452,0.0412,125.084,4,1,251917,0.578,4,"6PTxwEyZm0lI4nR970KPsz","bergamo indie","italian indie pop","italian pop","milan indie",NA,NA,NA,NA,NA,NA,NA,NA,NA,NA
"SPINE (feat. Coez)","Noyz Narcos","VIRUS","2022-01-14",58,0.409,0.623,0.697,3.46e-06,0.224,-6.14,0.0806,84.989,0,0,155294,0.474,4,"6WeWS6o2LddqgPKgmW7AVa","italian hip hop","italian underground hip hop",NA,NA,NA,NA,NA,NA,NA,NA,NA,NA,NA,NA
"Piu' Forte Delle Bombe","Colle Der Fomento","Anima E Ghiaccio","2012-02-01",42,0.00908,0.699,0.862,0,0.213,-6.606,0.193,101.995,6,1,258853,0.756,4,"13Xckcuw0bUlY2skp5uMlJ","italian underground hip hop","rap italiano old school",NA,NA,NA,NA,NA,NA,NA,NA,NA,NA,NA,NA
"Insomnia","Fritz Da Cat","Fritz","2013-01-01",32,0.101,0.671,0.819,0,0.107,-5.365,0.105,64.697,6,0,223142,0.661,4,"1oNrn3d7kd0r8vFWHw1NNA","italian hip hop","italian underground hip hop","rap italiano old school",NA,NA,NA,NA,NA,NA,NA,NA,NA,NA,NA
"Intro","Paky","Salvatore","2022-03-11",0,0.212,0.685,0.494,0,0.315,-8.044,0.155,92.242,2,0,170960,0.0383,4,"07hmvoBWeqPwyhGwODFAc2","italian hip hop","trap italiana",NA,NA,NA,NA,NA,NA,NA,NA,NA,NA,NA,NA
"Piango Sulla Lambo (feat. Rose Villain)","Guè","GVESVS","2021-12-10",56,0.367,0.639,0.825,0,0.101,-4.794,0.122,159.985,11,1,201749,0.569,4,"7u02ZUejB2uhTw1WuFXrlf","italian hip hop","italian pop",NA,NA,NA,NA,NA,NA,NA,NA,NA,NA,NA,NA
"Gratis","Coez","È sempre bello","2019-03-29",40,0.203,0.667,0.663,0,0.127,-5.397,0.0396,73.003,7,1,215320,0.507,4,"0S5kRC9LFXhks9dzk07gfA","italian adult pop","italian pop","rap napoletano","rome indie",NA,NA,NA,NA,NA,NA,NA,NA,NA,NA
"Gimme! Gimme! Gimme! (A Man After Midnight)","ABBA","Voulez-Vous","1979",83,0.02,0.749,0.491,0.00899,0.159,-9.655,0.0403,119.528,10,1,292613,0.536,4,"3vkQ5DAB1qQMYO4Mr9zJN6","europop","swedish pop",NA,NA,NA,NA,NA,NA,NA,NA,NA,NA,NA,NA
"Losing My Religion","R.E.M.","Out Of Time (25th Anniversary Edition)","1991-03-12",87,0.179,0.666,0.855,1.2e-06,0.0987,-5.051,0.0295,125.639,9,0,268426,0.803,4,"31AOj9sFz2gM0O3hMARRBx","alternative rock","athens indie","permanent wave","rock",NA,NA,NA,NA,NA,NA,NA,NA,NA,NA
"Una vita stupenda","Pop X","Best Of","2015-02-10",23,0.306,0.662,0.601,0,0.0984,-4.769,0.342,184.032,10,1,237400,0.403,4,"2mRbbSSKbJFRLxQlIDMHpt","italian alternative","italian indie pop",NA,NA,NA,NA,NA,NA,NA,NA,NA,NA,NA,NA
"Boyz-N-The-Hood","N.W.A.","N.W.A. And The Posse","1987-01-01",64,0.0417,0.785,0.479,3.5e-05,0.334,-10.247,0.362,87.691,3,1,339893,0.727,4,"5RGXoZt1qxmAErdhbyKJKq","conscious hip hop","gangster rap","golden age hip hop","hip hop","old school hip hop","rap","west coast rap",NA,NA,NA,NA,NA,NA,NA
"Novità (feat. Rkomi, Ernia & Tedua)","Night Skinny","Mattoni","2019-09-12",56,0.252,0.73,0.593,0,0.121,-7.738,0.135,96.036,6,1,184807,0.198,4,"0hkY6Je3FYVPCCLZNtPKhH","italian hip hop","rap siciliano","trap italiana",NA,NA,NA,NA,NA,NA,NA,NA,NA,NA,NA
"King Del Rap","Marracash","King Del Rap","2011-01-01",48,0.201,0.688,0.872,0,0.356,-3.314,0.163,99.991,4,0,240080,0.68,4,"7iyfSIHYEZx9zDSMJO39EE","italian hip hop","italian pop","italian underground hip hop","rap napoletano",NA,NA,NA,NA,NA,NA,NA,NA,NA,NA
"I'm Shipping Up To Boston","Dropkick Murphys","The Warrior's Code","2005-07-19",73,0.000706,0.452,0.928,0.000637,0.226,-3.133,0.079,129.188,2,1,153600,0.6,4,"7rSERmjAT38lC5QhJ8hnQc","boston punk","boston rock","celtic punk","celtic rock","punk",NA,NA,NA,NA,NA,NA,NA,NA,NA
"Solo te","ARIETE","Spazio","2020-05-14",48,0.209,0.505,0.535,0,0.291,-6.683,0.0363,151.842,2,1,157894,0.286,4,"7fkmLnApmUfSMezekEHyx4","italian hip hop","italian pop","rome indie",NA,NA,NA,NA,NA,NA,NA,NA,NA,NA,NA
"California Love - Original Version","2Pac","Greatest Hits","1998-01-01",82,0.0304,0.763,0.85,1.21e-06,0.371,-3.052,0.0417,91.519,7,1,284906,0.761,4,"3ia3dJETSOllPsv3LJkE35","g funk","gangster rap","hip hop","rap","west coast rap",NA,NA,NA,NA,NA,NA,NA,NA,NA
"Romeo And Juliet","Dire Straits","Making Movies","1980-10-17",73,0.546,0.613,0.441,0.0132,0.0869,-11.999,0.0309,87.573,5,1,360666,0.525,4,"0PNt5WTw092eED0ru9SuIp","album rock","classic rock","mellow gold","rock",NA,NA,NA,NA,NA,NA,NA,NA,NA,NA
"I'm A Believer","Smash Mouth","Smash Mouth","2001-01-01",70,0.0178,0.549,0.981,1.8e-06,0.438,-3.558,0.059,82.331,11,0,185306,0.873,4,"0C9jZPUv4SuaXkuEQw6L40","pop rock","post-grunge",NA,NA,NA,NA,NA,NA,NA,NA,NA,NA,NA,NA
"Amianto","ARIETE","Spazio","2020-05-14",51,0.892,0.452,0.297,0,0.194,-14.231,0.0429,131.24,4,1,179541,0.0929,4,"5FeDmOkJlmFcb8arUhMi87","italian hip hop","italian pop","rome indie",NA,NA,NA,NA,NA,NA,NA,NA,NA,NA,NA
"Signor prefetto","Lovegang126","Signor prefetto","2022-04-21",35,0.0854,0.667,0.669,0,0.132,-7.065,0.311,149.074,10,0,253361,0.647,4,"6woEXf6azgHVYVj43nlyJc",NA,NA,NA,NA,NA,NA,NA,NA,NA,NA,NA,NA,NA,NA
"Your Song","Elton John","Elton John","1970-04-10",82,0.828,0.554,0.315,5.53e-06,0.101,-11.028,0.0298,128.157,3,1,241786,0.325,4,"38zsOOcu31XbbYj9BIPUF1","glam rock","mellow gold","piano rock","rock",NA,NA,NA,NA,NA,NA,NA,NA,NA,NA
"Knockin' On Heaven's Door","Guns N' Roses","Use Your Illusion II","1991-09-18",81,0.0211,0.496,0.739,0.00444,0.106,-7.193,0.0415,132.41,6,1,336000,0.378,4,"4JiEyzf0Md7KEFFGWDDdCr","glam metal","hard rock","rock",NA,NA,NA,NA,NA,NA,NA,NA,NA,NA,NA
"Faccio un casino","Coez","Faccio un casino","2017-05-05",68,0.562,0.742,0.49,0,0.191,-6.482,0.0513,82.994,7,1,193624,0.509,4,"6qNXkVk19OYLu4CoqjDfZ0","italian adult pop","italian pop","rap napoletano","rome indie",NA,NA,NA,NA,NA,NA,NA,NA,NA,NA
"Giorni Contati (con Paky, Noyz Narcos, Geolier & Shiva)","Night Skinny","Botox","2022-09-15",3,0.403,0.643,0.688,0,0.1,-7.254,0.35,172.091,10,0,172519,0.483,4,"6QjpEvmiZIM9qgTQhg5dzi","italian hip hop","rap siciliano","trap italiana",NA,NA,NA,NA,NA,NA,NA,NA,NA,NA,NA
"Università (feat. Franco126)","Gianni Bismark","Re Senza Corona","2019-01-18",53,0.783,0.442,0.693,0,0.113,-10.075,0.261,83.324,7,1,159010,0.392,4,"5OmIiHpRSb3QtQVZQXcAfM","emo rap italiano","italian hip hop",NA,NA,NA,NA,NA,NA,NA,NA,NA,NA,NA,NA
"Guerra agli umani","Mr. Phil","Guerra fra poveri","2006-11-17",25,0.327,0.638,0.651,0,0.329,-6.693,0.219,93.968,7,0,253586,0.905,4,"0Q3yuY0G7GoZhTvWpiL5UV","italian underground hip hop","rap italiano old school",NA,NA,NA,NA,NA,NA,NA,NA,NA,NA,NA,NA
"La tua canzone","Coez","È sempre bello","2019-03-29",68,0.0907,0.491,0.776,0,0.111,-5.119,0.0596,179.927,1,1,192040,0.626,4,"4Z43nMEiOiNeDrqu2BN0JD","italian adult pop","italian pop","rap napoletano","rome indie",NA,NA,NA,NA,NA,NA,NA,NA,NA,NA
"Hypnotize - 2014 Remaster","The Notorious B.I.G.","Life After Death (2014 Remastered Edition)","1997-03-04",82,0.145,0.901,0.697,0,0.287,-3.439,0.28,93.941,9,1,229826,0.67,4,"7KwZNVEaqikRSBSpyhXK2j","east coast hip hop","gangster rap","hardcore hip hop","hip hop","rap",NA,NA,NA,NA,NA,NA,NA,NA,NA
"Paradise City","Guns N' Roses","Appetite For Destruction","1987-07-21",12,0.0169,0.273,0.952,0.0111,0.142,-8.762,0.0843,100.271,11,1,405640,0.472,4,"3YBZIN3rekqsKxbJc9FZko","glam metal","hard rock","rock",NA,NA,NA,NA,NA,NA,NA,NA,NA,NA,NA
"Localz Only","Noyz Narcos & Fritz Da Cat","Localz Only","2015-06-01",52,0.0334,0.625,0.799,0,0.18,-4.143,0.283,87.023,6,0,177694,0.465,4,"6IoLk3r5QsHB0ujM2FHyEh","italian hip hop","rap napoletano",NA,NA,NA,NA,NA,NA,NA,NA,NA,NA,NA,NA
"Underground Rap","Mr. Phil","Guerra fra poveri","2006-11-17",34,0.462,0.709,0.644,0.000143,0.267,-7.365,0.162,93.977,11,0,218253,0.707,4,"0kv8UhgvliyjhU3Asxo52g","italian underground hip hop","rap italiano old school",NA,NA,NA,NA,NA,NA,NA,NA,NA,NA,NA,NA
"One Kiss (with Dua Lipa)","Calvin Harris","One Kiss (with Dua Lipa)","2018-04-06",87,0.037,0.791,0.862,2.19e-05,0.0814,-3.24,0.11,123.994,9,0,214846,0.592,4,"7ef4DlsgrMEH11cDZd32M6","dance pop","edm","electro house","house","pop","pop dance","progressive house","uk dance",NA,NA,NA,NA,NA,NA
"Tommaso","Fulminacci","La Vita Veramente","2019-04-10",2,0.02,0.745,0.904,5.46e-05,0.345,-3.35,0.0497,150.11,7,1,157640,0.733,4,"140mKM0QazbT10CiJL5vwZ","italian indie pop","italian pop","rome indie",NA,NA,NA,NA,NA,NA,NA,NA,NA,NA,NA
"Bandiera Bianca - Remastered 2021","Franco Battiato","La Voce Del Padrone (Remastered)","1981",50,0.638,0.785,0.449,3.83e-05,0.115,-11.437,0.0334,102.859,0,1,322937,0.625,4,"7fQ5piWnEFBc3whfqMjapM","classic italian pop","experimental","italian adult pop",NA,NA,NA,NA,NA,NA,NA,NA,NA,NA,NA
"Mezzanotte in Punto (con Franco126, Ketama126 & Bresh)","Night Skinny","Botox","2022-09-15",1,0.436,0.596,0.565,3.7e-06,0.14,-7.228,0.0632,83.878,7,1,237656,0.338,4,"4HPnwAsUMcudDgVCNLOzum","italian hip hop","rap siciliano","trap italiana",NA,NA,NA,NA,NA,NA,NA,NA,NA,NA,NA
"Enjoy","Carl Brave x Franco126","Polaroid 2.0","2018-02-16",44,0.0235,0.514,0.766,1.08e-05,0.141,-6.77,0.295,160.048,9,1,196500,0.39,4,"0m2X1qmqHEPy9lZ10HTn6z","italian hip hop","italian pop","rome indie",NA,NA,NA,NA,NA,NA,NA,NA,NA,NA,NA
"One Dance","Drake","Views","2016-05-06",89,0.00776,0.792,0.625,0.0018,0.329,-5.609,0.0536,103.967,1,1,173986,0.37,4,"1zi7xx7UVEFkmKfv06H8x0","canadian hip hop","canadian pop","hip hop","pop rap","rap",NA,NA,NA,NA,NA,NA,NA,NA,NA
"50 Special","Lùnapop","...Squérez?","1999-11-30",65,0.0031,0.492,0.939,3.23e-05,0.109,-4.667,0.0314,160.173,7,1,207520,0.893,4,"21Ay8mJRYQuOMZp7qyQXl6","classic italian pop","italian adult pop","italian pop",NA,NA,NA,NA,NA,NA,NA,NA,NA,NA,NA
"Porcelain","Moby","Play","1999-05-17",73,0.00147,0.515,0.613,0.202,0.449,-8.423,0.0305,94.925,0,0,238920,0.357,4,"1hEh8Hc9lBAFWUghHBsCel","downtempo","electronica",NA,NA,NA,NA,NA,NA,NA,NA,NA,NA,NA,NA
"Post concerto","Coma_Cose","Post concerto","2018-03-22",48,0.125,0.731,0.876,0,0.198,-3.533,0.0398,90.013,5,1,186999,0.581,4,"68R9i9vy4JajpEe0Au6SS6","italian adult pop","italian alternative","italian indie pop","italian pop","milan indie",NA,NA,NA,NA,NA,NA,NA,NA,NA
"Rain - Demo Ver.","SEATBELTS","COWBOY BEBOP - Knockin' on Heaven's Door (Original Motion Picture Soundtrack - Future Blues)","2001-08-29",34,0.683,0.352,0.153,4.29e-06,0.0629,-10.445,0.0292,142.676,10,1,203800,0.0474,4,"6Xi9yabjKWbNVG09TVYsIO",NA,NA,NA,NA,NA,NA,NA,NA,NA,NA,NA,NA,NA,NA
"La G La U La E pt.2","Guè","GVESVS","2021-12-10",48,0.156,0.567,0.857,0,0.135,-4.814,0.212,83.371,10,0,145433,0.938,4,"3PHUQDyGYZhRJFSwbTXnsG","italian hip hop","italian pop",NA,NA,NA,NA,NA,NA,NA,NA,NA,NA,NA,NA
"Non mi avrete mai","Inoki","Fabiano detto Inoki","2005-10-19",46,0.333,0.829,0.709,0,0.184,-7.842,0.25,90.973,7,1,232986,0.907,4,"2LM2JJj3hQLCZRQFu1xu02","italian hip hop","italian underground hip hop",NA,NA,NA,NA,NA,NA,NA,NA,NA,NA,NA,NA
"MANCARSI","Coma_Cose","HYPE AURA","2019-03-15",51,0.418,0.691,0.579,0,0.104,-5.076,0.0411,145.905,2,1,229120,0.343,4,"0yWpMaNFL4IV5rUGqAjOGt","italian adult pop","italian alternative","italian indie pop","italian pop","milan indie",NA,NA,NA,NA,NA,NA,NA,NA,NA
"Non sei tu","Gazzelle","Superbattito","2017-03-03",2,0.487,0.581,0.591,1.77e-06,0.0806,-9.639,0.0444,140.038,10,1,199200,0.138,4,"4zJL82bt73NiBmFuJncYUb","italian adult pop","italian pop","rome indie",NA,NA,NA,NA,NA,NA,NA,NA,NA,NA,NA
"Cattolica","Pop X","Best Of","2015-02-10",40,0.704,0.81,0.808,0.0123,0.0685,-7.937,0.0834,148.03,9,1,196000,0.478,4,"7JS2L1mswwPlfalEdVBDsg","italian alternative","italian indie pop",NA,NA,NA,NA,NA,NA,NA,NA,NA,NA,NA,NA
"Sultans Of Swing","Dire Straits","Dire Straits","1978-10-07",84,0.0614,0.733,0.794,0.0367,0.33,-10.023,0.0307,148.174,5,1,348400,0.931,4,"37Tmv4NnfQeb0ZgUC4fOJj","album rock","classic rock","mellow gold","rock",NA,NA,NA,NA,NA,NA,NA,NA,NA,NA
"Maledetta primavera","Loretta Goggi","Collection","2000",57,0.185,0.473,0.603,9.24e-05,0.566,-6.242,0.0291,136.104,8,1,253160,0.352,3,"0bcrOUFQTXyJCC1lT2xfWI","classic italian pop",NA,NA,NA,NA,NA,NA,NA,NA,NA,NA,NA,NA,NA
"Saluti (feat. Guè, Fabri Fibra, Rkomi & Carolina Marquez)","Night Skinny","Mattoni","2019-09-12",46,0.0464,0.649,0.63,0,0.0705,-8.1,0.159,171.997,8,0,181275,0.516,4,"4GI7qUGKC1p0BxngJ6CqcW","italian hip hop","rap siciliano","trap italiana",NA,NA,NA,NA,NA,NA,NA,NA,NA,NA,NA
"Dal Tramonto All'Alba","Noyz Narcos & Fritz Da Cat","Localz Only","2015-06-01",50,0.116,0.54,0.874,0,0.0598,-4.097,0.307,77.725,5,0,198637,0.632,4,"2grg1DurcEjO8DuYVYF6rb","italian hip hop","rap napoletano",NA,NA,NA,NA,NA,NA,NA,NA,NA,NA,NA,NA
"Fuck Tha Police","N.W.A.","Greatest Hits","1996-07-02",60,0.00956,0.85,0.837,0,0.0772,-6.37,0.291,98.694,6,0,343373,0.737,4,"0DFRrABd2ppHhS3QaZuCJ1","conscious hip hop","gangster rap","golden age hip hop","hip hop","old school hip hop","rap","west coast rap",NA,NA,NA,NA,NA,NA,NA
"My Type","Saint Motel","My Type","2014-06-17",69,0.0641,0.596,0.897,5.24e-05,0.0628,-2.94,0.0462,118,10,1,206393,0.578,4,"2DFi8rwHcVkTTgu7PULhtI","la indie","modern alternative rock","modern rock","pov: indie",NA,NA,NA,NA,NA,NA,NA,NA,NA,NA
"Solo 3 min","Negramaro","Mentre Tutto Scorre (Deluxe Version)","2006-05-26",58,0.525,0.581,0.455,0,0.111,-7.271,0.0297,139.791,4,1,218000,0.228,3,"0X1q9dp4z8MYFYaUDm2unn","italian adult pop","italian pop",NA,NA,NA,NA,NA,NA,NA,NA,NA,NA,NA,NA
"La musica non c'è","Coez","Faccio un casino","2017-05-05",71,0.381,0.747,0.498,0,0.712,-6.674,0.0353,135.919,0,1,222786,0.53,4,"7MMJa7cjMadOSR6CFWvB1x","italian adult pop","italian pop","rap napoletano","rome indie",NA,NA,NA,NA,NA,NA,NA,NA,NA,NA
"Nothing Else Matters","Metallica","Metallica","1991-08-12",82,0.0458,0.553,0.362,6.01e-06,0.075,-11.218,0.0263,142.352,4,0,388266,0.158,3,"0nLiqZ6A27jJri2VCalIUs","hard rock","metal","old school thrash","rock","thrash metal",NA,NA,NA,NA,NA,NA,NA,NA,NA
"A caro prezzo (feat. Franco126 & Ugo Borghetti)","Chicoria","Servizio funebre II","2021-02-12",37,0.445,0.634,0.664,0,0.346,-5.984,0.281,149.391,11,0,195186,0.637,4,"2OPHqbSBRPdDSKk6wz92Zl","italian hip hop","italian underground hip hop",NA,NA,NA,NA,NA,NA,NA,NA,NA,NA,NA,NA
"Paranoid","Black Sabbath","Paranoid (2009 Remastered Version)","1970-09-18",84,7.85e-05,0.429,0.631,0.00411,0.175,-11.514,0.0769,162.734,4,0,168440,0.376,4,"1jzDzZWeSDBg5fhNc3tczV","album rock","alternative metal","birmingham metal","classic rock","hard rock","metal","rock","stoner rock","uk doom metal",NA,NA,NA,NA,NA
"Stan","Eminem","The Marshall Mathers LP","2000-05-23",84,0.0371,0.78,0.768,2.34e-06,0.518,-4.325,0.238,80.063,6,0,404106,0.507,4,"3UmaczJpikHgJFyBTAJVoz","detroit hip hop","hip hop","rap",NA,NA,NA,NA,NA,NA,NA,NA,NA,NA,NA
"Tu non mi basti mai","Lucio Dalla","Canzoni","1996-08-21",55,0.42,0.635,0.376,0.049,0.0925,-16.8,0.0315,86.003,5,1,270333,0.525,4,"0VMh6D6ryDKoLFmd6EuqbU","canzone d'autore","classic italian pop","italian adult pop",NA,NA,NA,NA,NA,NA,NA,NA,NA,NA,NA
"On Melancholy Hill","Gorillaz","Plastic Beach","2010-03-03",79,1.51e-05,0.689,0.739,0.509,0.064,-5.81,0.026,120.423,2,1,233866,0.578,4,"0q6LuUqGLUiCPP1cbdwFs3","alternative hip hop","modern rock","rock",NA,NA,NA,NA,NA,NA,NA,NA,NA,NA,NA
"Diavolo (con Ghali, Rkomi, Tedua & bnkr44)","Night Skinny","Botox","2022-09-15",2,0.154,0.564,0.658,0,0.136,-7.045,0.287,179.974,9,1,230483,0.582,3,"7FvF6VQzph1rEPjSJmkaRv","italian hip hop","rap siciliano","trap italiana",NA,NA,NA,NA,NA,NA,NA,NA,NA,NA,NA
"È sempre bello","Coez","È sempre bello","2019-03-29",66,0.0732,0.692,0.63,0,0.0865,-6.792,0.164,110.919,8,1,203872,0.499,5,"6IdiuMw1FSAvU3e6bgWQVX","italian adult pop","italian pop","rap napoletano","rome indie",NA,NA,NA,NA,NA,NA,NA,NA,NA,NA
"death bed (coffee for your head)","Powfu","death bed (coffee for your head)","2020-02-08",84,0.731,0.726,0.431,0,0.696,-8.765,0.135,144.026,8,0,173333,0.348,4,"7eJMfftS33KTjuF7lTsMCx","sad lo-fi","sad rap",NA,NA,NA,NA,NA,NA,NA,NA,NA,NA,NA,NA
"Ni**as In Paris","JAY-Z","Watch The Throne (Deluxe)","2011-08-08",63,0.127,0.789,0.858,0,0.349,-5.542,0.311,140.022,1,1,219333,0.775,4,"4Li2WHPkuyCdtmokzW2007","east coast hip hop","gangster rap","hip hop","pop rap","rap",NA,NA,NA,NA,NA,NA,NA,NA,NA
"Riptide","Vance Joy","Dream Your Life Away","2014-09-08",86,0.431,0.484,0.731,0,0.151,-6.694,0.0379,101.654,1,1,204280,0.51,4,"7yq4Qj7cqayVTp3FF9CWbm","folk-pop","modern rock",NA,NA,NA,NA,NA,NA,NA,NA,NA,NA,NA,NA
"Jocelyn Flores","XXXTENTACION","17","2017-08-25",85,0.469,0.872,0.391,4.13e-06,0.297,-9.144,0.242,134.021,0,0,119133,0.437,4,"7m9OqQk4RVRkw9JJdeAw96","emo rap","miami hip hop",NA,NA,NA,NA,NA,NA,NA,NA,NA,NA,NA,NA
