"track.name","artists","track.album.name","track.album.release_date","track.popularity","acousticness","danceability","energy","instrumentalness","liveness","loudness","speechiness","tempo","key","mode","track.duration_ms","valence","time_signature","track.id","genre_1","genre_2","genre_3","genre_4","genre_5","genre_6","genre_7","genre_8","genre_9","genre_10"
"A Horse with No Name","America","America","1972",80,0.686,0.654,0.506,0.0155,0.155,-17.18,0.0535,123.179,11,0,252239,0.831,4,"54eZmuggBFJbV7k248bTTt","album rock","classic rock","folk rock","heartland rock","mellow gold","soft rock",NA,NA,NA,NA
"Smooth Criminal - 2012 Remaster","Michael Jackson","Bad 25th Anniversary","2012-09-18",79,0.247,0.853,0.981,0.468,0.306,-3.947,0.0751,118.193,8,1,257760,0.595,4,"2bCQHF9gdG5BNDVuEIEnNk","r&b","soul",NA,NA,NA,NA,NA,NA,NA,NA
"Starman - 2012 Remaster","David Bowie","The Rise and Fall of Ziggy Stardust and the Spiders from Mars (2012 Remaster)","1972-06-06",79,0.166,0.486,0.449,2.23e-06,0.54,-10.298,0.0267,100.456,5,1,254293,0.549,4,"0pQskrTITgmCMyr85tb9qq","art rock","classic rock","glam rock","permanent wave","rock",NA,NA,NA,NA,NA
"Hurricane","Bob Dylan","Desire","1976-01-16",68,0.0409,0.509,0.827,0,0.12,-7.715,0.0782,135.601,0,1,512732,0.743,4,"1lqMLr9Wj7SM2F9AikGcxN","classic rock","country rock","folk","folk rock","psychedelic rock","rock","roots rock","singer-songwriter",NA,NA
"Heart Of Gold","Various Artists","Eat, Pray, Love","2010-01-01",76,0.288,0.55,0.525,0.0172,0.106,-8.754,0.0275,171.172,7,1,188440,0.806,4,"5vd1QZ0tdXOExiegC55IAS",NA,NA,NA,NA,NA,NA,NA,NA,NA,NA
"Golden Brown","The Stranglers","La Folie","1981",72,0.143,0.562,0.383,0.124,0.138,-15.474,0.0304,93.764,6,1,206760,0.599,3,"2AX5E86cn9n2dgioZEjirI","glam rock","new romantic","new wave","new wave pop","protopunk","pub rock","zolo",NA,NA,NA
"Dream On - Live Version","Aerosmith","A Little South Of Sanity","1998-01-01",51,0.0819,0.345,0.667,0.00191,0.988,-6.234,0.0291,74.212,5,0,290866,0.171,4,"6nmre39J3T34WvmYSbfZdq","album rock","classic rock","hard rock","rock",NA,NA,NA,NA,NA,NA
"Hey Jude - Remastered 2015","The Beatles","1 (Remastered)","2000-11-13",74,0.0112,0.386,0.607,1.38e-05,0.088,-7.7,0.0261,147.207,10,1,425653,0.532,4,"0aym2LBJBk9DAYuHHutrIl","beatlesque","british invasion","classic rock","merseybeat","psychedelic rock","rock",NA,NA,NA,NA
"Desaparecido","Manu Chao","Clandestino","1998-10-06",62,0.669,0.591,0.627,0,0.127,-6.903,0.0935,191.944,9,0,227160,0.741,4,"5Hc7O2dX51NI4YcHPuoOpw","latin alternative","world",NA,NA,NA,NA,NA,NA,NA,NA
"Come and Get Your Love - Single Version","Redbone","Come and Get Your Love","1973-11-01",78,0.172,0.731,0.804,0.00028,0.0685,-7.621,0.0473,107.383,11,0,205933,0.957,4,"7GVUmCP00eSsqc4tzj1sDD","native american contemporary","native american traditional",NA,NA,NA,NA,NA,NA,NA,NA
"Theme from Rawhide","The Blues Brothers","The Blues Brothers Original Motion Picture Soundtrack","1980",54,0.526,0.594,0.571,0.163,0.204,-7.943,0.0285,100.827,10,0,159600,0.674,4,"4P60VVMdkWcwGMBC7r4Kgp","blues","blues rock",NA,NA,NA,NA,NA,NA,NA,NA
"Knockin' On Heaven's Door","Bob Dylan","Pat Garrett & Billy The Kid (Soundtrack From The Motion Picture)","1973-07-13",77,0.251,0.513,0.396,0.177,0.11,-13.061,0.0299,140.208,7,1,149880,0.229,4,"6HSXNV0b4M4cLJ7ljgVVeh","classic rock","country rock","folk","folk rock","psychedelic rock","rock","roots rock","singer-songwriter",NA,NA
"Son Of A Preacher Man","Dusty Springfield","Dusty In Memphis","1969-03-31",79,0.538,0.404,0.43,0,0.0802,-12.327,0.224,180.061,4,1,148053,0.641,4,"6ek9SiEj5a65WIs2EV7qiM","adult standards","british invasion","rock-and-roll","soul","vocal jazz",NA,NA,NA,NA,NA
"I'm Shipping Up To Boston","Dropkick Murphys","The Warrior's Code","2005-07-19",73,0.000706,0.452,0.928,0.000637,0.226,-3.133,0.079,129.188,2,1,153600,0.6,4,"7rSERmjAT38lC5QhJ8hnQc","boston punk","boston rock","celtic punk","celtic rock","punk",NA,NA,NA,NA,NA
"21 Hungarian Dances, WoO 1: Hungarian Dance No. 5 in G Minor. Allegro (Orch. Schmeling)","Johannes Brahms","Brahms: 21 Hungarian Dances","1984-01-01",62,0.899,0.358,0.167,0.96,0.103,-16,0.0354,144.561,7,0,138706,0.601,4,"2oLjhx7w8Hyd3gry9cCXr7","classical","german romanticism","late romantic era",NA,NA,NA,NA,NA,NA,NA
"American Pie","Don McLean","American Pie","1971",79,0.699,0.531,0.481,0,0.0842,-11.709,0.06,138.45,4,0,516893,0.491,4,"1fDsrQ23eTAVFElUMaf38X","classic rock","folk","folk rock","heartland rock","mellow gold","singer-songwriter","soft rock",NA,NA,NA
"Space Oddity - 2015 Remaster","David Bowie","David Bowie (aka Space Oddity) [2015 Remaster]","1969-11-04",74,0.0726,0.31,0.403,9.27e-05,0.139,-13.664,0.0326,134.48,0,1,318026,0.466,4,"72Z17vmmeQKAg8bptWvpVG","art rock","classic rock","glam rock","permanent wave","rock",NA,NA,NA,NA,NA
"An Irish Pub Song","The Rumjacks","Gangs of New Holland","2010-09-22",54,0.075,0.63,0.848,3.99e-06,0.37,-3.463,0.0373,147.009,2,1,202133,0.738,4,"5UGJICh0UfvXTansc82A1k","celtic punk",NA,NA,NA,NA,NA,NA,NA,NA,NA
"Billie Jean","Michael Jackson","Thriller 25 Super Deluxe Edition","2008-02-08",84,0.0236,0.92,0.654,0.0153,0.036,-3.051,0.0401,117.046,11,0,293826,0.847,4,"5ChkMS8OtdzJeqyybCc9R5","r&b","soul",NA,NA,NA,NA,NA,NA,NA,NA
"California Dreamin' - Single Version","The Mamas & The Papas","If You Can Believe Your Eyes & Ears","1966-03",83,0.352,0.552,0.608,0,0.0533,-9.786,0.0345,112.367,1,0,162373,0.637,4,"4s6LhHAV5SEsOV0lC2tjvJ","classic rock","folk","folk rock","mellow gold","psychedelic rock","rock","soft rock","sunshine pop",NA,NA
"Bongo Bong","Manu Chao","Clandestino","1998-10-06",72,0.944,0.755,0.545,0.000118,0.144,-10.027,0.0646,149.807,9,0,158426,0.964,4,"00SmB7n85SKROGjybsyq5i","latin alternative","world",NA,NA,NA,NA,NA,NA,NA,NA
"Sirtaki (Zorba)","Orchestra Mesogios","Greece Is Popular And Folk Dances (Remastered)","1974-12-12",44,0.513,0.53,0.528,0.885,0.104,-8.262,0.088,88.566,9,0,231173,0.713,4,"6NSXhzqtqObR9SvitpaJ9d","classic greek pop",NA,NA,NA,NA,NA,NA,NA,NA,NA
"Stairway to Heaven - Remaster","Led Zeppelin","Led Zeppelin IV (Deluxe Edition)","1971-11-08",81,0.58,0.338,0.34,0.0032,0.116,-12.049,0.0339,82.433,9,0,482830,0.197,4,"5CQ30WqJwcep0pYcV4AMNc","album rock","classic rock","hard rock","rock",NA,NA,NA,NA,NA,NA
"La Città Vecchia","Fabrizio De André","La Canzone Di Marinella","1995",36,0.42,0.611,0.296,0,0.0877,-14.251,0.0714,134.97,7,1,201333,0.742,3,"6yD3a5FqzQjUC8oHVOiPQv","canzone d'autore","canzone genovese","classic italian pop","folk rock italiano","italian adult pop","musica sarda",NA,NA,NA,NA
"Non so volare - 2022 Remastered","Mondo Marcio","Mondo Marcio (2022 Remastered)","2004-05-01",35,0.447,0.47,0.829,0,0.691,-5.854,0.326,83.965,9,0,239426,0.461,4,"2IilMe0P38cpk6MLVzeblO","italian hip hop","italian underground hip hop",NA,NA,NA,NA,NA,NA,NA,NA
"Blowin' in the Wind","Bob Dylan","The Freewheelin' Bob Dylan","1963-05-27",70,0.914,0.38,0.0993,2.32e-05,0.0605,-20.567,0.0509,174.874,2,1,165426,0.44,4,"18GiV1BaXzPVYpp9rmOg0E","classic rock","country rock","folk","folk rock","psychedelic rock","rock","roots rock","singer-songwriter",NA,NA
"House of the Rising Sun","The Animals","The Singles Plus","1987-10-19",77,0.000334,0.316,0.484,0.00445,0.0912,-9.11,0.0308,117.363,9,0,269906,0.299,3,"4mn2kNTqiGLwaUR8JdhJ1l","album rock","british invasion","classic rock","hard rock","protopunk","psychedelic rock","rock",NA,NA,NA
"Sea Shanty Medley","Home Free","Sea Shanty Medley","2021-03-19",65,0.253,0.561,0.692,0,0.125,-5.71,0.0551,140.554,4,1,234362,0.898,4,"5mkoR8mVrEwpDQc9y54sM2","a cappella",NA,NA,NA,NA,NA,NA,NA,NA,NA
"Rushing Water","Sting","The Bridge (Deluxe)","2021-11-19",48,0.0229,0.792,0.723,0,0.407,-3.862,0.117,125.094,11,1,197808,0.925,4,"3M9TxdnduVdqxf3D7kTcX5","permanent wave","soft rock","sophisti-pop",NA,NA,NA,NA,NA,NA,NA
"Man On The Moon","R.E.M.","Automatic For The People","1992-10-05",71,0.42,0.667,0.699,0.000442,0.201,-7.574,0.026,118.567,7,1,314173,0.655,4,"4jLv3tDBu8ww2R07DvL12s","alternative rock","athens indie","permanent wave","rock",NA,NA,NA,NA,NA,NA
"Inverno","Fabrizio De André","Tutti Morimmo A Stento","1968",41,0.837,0.374,0.277,0.0132,0.0901,-13.216,0.0288,65.383,9,0,251186,0.266,4,"7bnnu8bfcHxRh1WC0FMXjX","canzone d'autore","canzone genovese","classic italian pop","folk rock italiano","italian adult pop","musica sarda",NA,NA,NA,NA
"Superstition - Single Version","Stevie Wonder","The Definitive Collection","2002-10-29",79,0.038,0.633,0.634,0.0064,0.0385,-12.115,0.0725,100.499,8,1,245493,0.872,4,"1h2xVEoJORqrg71HocgqXd","motown","soul",NA,NA,NA,NA,NA,NA,NA,NA
"Just the Two of Us (feat. Bill Withers)","Bill Withers","Lean on Me: The Best of Bill Withers","1994-08-09",68,0.597,0.793,0.386,0.31,0.0775,-13.413,0.0819,95.819,10,0,237373,0.584,4,"2tH28YyKYOldxhuBHoI79M","classic soul","funk","quiet storm","soul",NA,NA,NA,NA,NA,NA
"Psycho Killer - 2005 Remaster","Talking Heads","Talking Heads '77 (Deluxe Version)","1977-09-16",81,0.0708,0.721,0.521,0.00545,0.127,-8.123,0.0613,123.118,2,1,261413,0.942,4,"1i6N76fftMZhijOzFQ5ZtL","alternative rock","art punk","dance rock","funk rock","new wave","permanent wave","post-punk","rock","zolo",NA
"I'm a Believer - 2006 Remaster","The Monkees","More of The Monkees (Deluxe Edition)","1967-01-09",77,0.707,0.526,0.775,2.05e-05,0.217,-6.05,0.0352,80.106,0,1,167373,0.962,4,"3G7tRC24Uh09Hmp1KZ7LQ2","album rock","beatlesque","bubblegum pop","classic rock","folk rock","mellow gold","rock-and-roll","singer-songwriter","soft rock","sunshine pop"
"Clandestino","Manu Chao","Clandestino","1998-10-06",67,0.469,0.68,0.594,0,0.431,-6.417,0.0688,85.04,6,0,149173,0.774,4,"51R2M1JgyFfRS3e6v5wCt3","latin alternative","world",NA,NA,NA,NA,NA,NA,NA,NA
"Il bombarolo","Fabrizio De André","Storia Di Un Impiegato","1973-11-25",47,0.615,0.712,0.303,3.58e-05,0.283,-12.07,0.0436,116.213,9,0,259680,0.76,4,"2zT6ahvNZgrXu2MWi0h5LG","canzone d'autore","canzone genovese","classic italian pop","folk rock italiano","italian adult pop","musica sarda",NA,NA,NA,NA
"Hallelujah","Jeff Buckley","Grace","1994",72,0.931,0.324,0.136,0.00117,0.176,-10.33,0.0318,97.256,0,1,413826,0.0831,3,"3pRaLNL3b8x5uBOcsgvdqM","melancholia","permanent wave","singer-songwriter",NA,NA,NA,NA,NA,NA,NA
"Faceva Il Palo","Enzo Jannacci","Enzo Jannacci - I Miti","2000-09-01",29,0.558,0.537,0.663,0,0.259,-8.375,0.0995,100.357,5,1,230893,0.757,4,"5QO0eCa3yhpqaeYM0BErUO","canzone d'autore","classic italian pop","folk rock italiano","italian adult pop","musica lombarda",NA,NA,NA,NA,NA
"Chop Suey!","System Of A Down","Toxicity","2001-09-04",86,0.000278,0.417,0.934,0.0015,0.132,-3.908,0.119,127.066,7,0,210240,0.287,4,"2DlHlPMa4M17kufBvI2lEN","alternative metal","nu metal","rap metal","rock",NA,NA,NA,NA,NA,NA
"La Grange - 2005 Remaster","ZZ Top","Tres Hombres (Expanded 2006 Remaster)","1973-07-26",78,0.00249,0.545,0.64,0.0304,0.196,-9.937,0.224,80.544,4,0,230480,0.606,4,"70YvYr2hGlS01bKRIho1HM","album rock","blues rock","classic rock","hard rock","rock",NA,NA,NA,NA,NA
"Il bevitore longevo","Duo bucolico","Bucolicesimo","2011-06-02",40,0.854,0.663,0.5,0,0.614,-6.07,0.194,141.126,7,1,211000,0.942,4,"79xPbo9kMiOGcwjubf7IKt","italian reggae",NA,NA,NA,NA,NA,NA,NA,NA,NA
"Sunday Morning","The Velvet Underground","The Velvet Underground & Nico 45th Anniversary","1967-03-12",67,0.0869,0.506,0.442,0.00239,0.0846,-13.268,0.0276,105.826,5,0,175893,0.532,4,"11607FzqoipskTsXrwEHnJ","alternative rock","melancholia","permanent wave","protopunk","rock",NA,NA,NA,NA,NA
"Ballata degli impiccati","Fabrizio De André","Tutti Morimmo A Stento","1968",33,0.826,0.473,0.371,0.00153,0.114,-13.155,0.0388,101.767,11,0,263146,0.445,4,"4IenJlYjR244s4A6ugr1MI","canzone d'autore","canzone genovese","classic italian pop","folk rock italiano","italian adult pop","musica sarda",NA,NA,NA,NA
"Live Is Life - Live","Opus","Millennium Edition","1998-01-01",60,0.195,0.624,0.925,1.33e-06,0.98,-6.004,0.0532,93.705,9,0,257306,0.596,4,"5AUByBgSqf3a9Sgtp142D2","austropop",NA,NA,NA,NA,NA,NA,NA,NA,NA
"Psycho","Muse","Drones","2015-06-04",69,0.00114,0.555,0.883,0.041,0.868,-3.426,0.0341,125.02,2,1,316717,0.507,4,"383QXk8nb2YrARMUwDdjQS","alternative rock","modern rock","permanent wave","rock",NA,NA,NA,NA,NA,NA
"Toxicity","System Of A Down","Toxicity","2001-09-04",84,0.000264,0.413,0.873,0.00249,0.204,-4.151,0.0536,116.68,8,1,218933,0.48,3,"0snQkGI5qnAmohLE7jTsTn","alternative metal","nu metal","rap metal","rock",NA,NA,NA,NA,NA,NA
"Cantina Band","John Williams","Star Wars: Una Nuova Speranza (Colonna Sonora Originale)","1977-01-01",29,0.255,0.699,0.419,0.0239,0.0471,-15.133,0.134,131.629,0,1,164306,0.822,4,"0xaKXu7U3826ib9Jz1RKIj","orchestral soundtrack","soundtrack",NA,NA,NA,NA,NA,NA,NA,NA
"S'i' fosse foco","Fabrizio De André","Volume 3","1968",45,0.707,0.556,0.509,3.14e-06,0.111,-9.887,0.044,152.492,4,1,73346,0.963,3,"5UEnvmALaG4BWRm8TBORFQ","canzone d'autore","canzone genovese","classic italian pop","folk rock italiano","italian adult pop","musica sarda",NA,NA,NA,NA
"Sanatoria","Noyz Narcos","Non Dormire","2005-01-01",46,0.0569,0.926,0.67,0,0.133,-5.144,0.26,93.989,9,1,256013,0.854,4,"3gZYR7Tg5YFTxe2HFA6UzA","italian hip hop","italian underground hip hop",NA,NA,NA,NA,NA,NA,NA,NA
"The Joker","Fatboy Slim","Palookaville","2004-10-01",40,0.0875,0.736,0.759,4.54e-06,0.148,-7.239,0.0533,87.763,5,1,321746,0.967,4,"1kF8T3bo5s0kMBYEH4a32c","big beat","electronica",NA,NA,NA,NA,NA,NA,NA,NA
"I'm A Believer","Smash Mouth","Smash Mouth","2001-01-01",70,0.0178,0.549,0.981,1.8e-06,0.438,-3.558,0.059,82.331,11,0,185306,0.873,4,"0C9jZPUv4SuaXkuEQw6L40","pop rock","post-grunge",NA,NA,NA,NA,NA,NA,NA,NA
"Amore che vieni, amore che vai","Fabrizio De André","Volume 3","1968",55,0.773,0.398,0.362,0.0128,0.155,-10.892,0.0294,98.87,8,0,168173,0.509,3,"6C7oJFOk0WX01wH1KMebaY","canzone d'autore","canzone genovese","classic italian pop","folk rock italiano","italian adult pop","musica sarda",NA,NA,NA,NA
"Questi fantasmi - 2022 Remastered","Mondo Marcio","Mondo Marcio (2022 Remastered)","2004-05-01",29,0.143,0.656,0.776,1.08e-06,0.0961,-3.185,0.0974,82.501,9,1,262493,0.646,4,"0P3cvuxTGE0OwQKVL89v5Z","italian hip hop","italian underground hip hop",NA,NA,NA,NA,NA,NA,NA,NA
"Have You Ever Seen The Rain","Creedence Clearwater Revival","Pendulum (Expanded Edition)","1970-12-07",88,0.0664,0.741,0.697,2.28e-05,0.133,-7.028,0.0277,116.109,0,1,160133,0.774,4,"2LawezPeJhN4AWuSB0GtAU","classic rock","country rock","rock","southern rock","swamp rock",NA,NA,NA,NA,NA
"The Hardest Cut","Spoon","The Hardest Cut","2021-10-28",43,0.135,0.671,0.683,0.00107,0.0534,-5.271,0.0965,164.943,7,1,193369,0.809,4,"5QUhSXDrrX7euR87oeQevM","alternative rock","austindie","indie rock","modern rock",NA,NA,NA,NA,NA,NA
"Cantico dei drogati","Fabrizio De André","Tutti Morimmo A Stento","1968",41,0.891,0.235,0.206,0.00461,0.389,-14.687,0.0301,88.771,9,1,428066,0.187,3,"0v4xH07K31S7cNZAkj3tV5","canzone d'autore","canzone genovese","classic italian pop","folk rock italiano","italian adult pop","musica sarda",NA,NA,NA,NA
"Delorean","Noyz Narcos","Non Dormire","2005-01-01",42,0.426,0.747,0.868,0,0.0747,-6.152,0.235,96.584,1,1,241493,0.777,4,"4x5AAabTEXa8K3ycIvuMJ5","italian hip hop","italian underground hip hop",NA,NA,NA,NA,NA,NA,NA,NA
"Green Onions","The Blues Brothers","Made in America","1980-12-01",42,0.15,0.477,0.834,0.000385,0.955,-8.253,0.207,154.705,10,0,347400,0.765,4,"0AW6QqUSLSCGJpVUX7GTAE","blues","blues rock",NA,NA,NA,NA,NA,NA,NA,NA
"E, la vita la vita","Cochi e Renato","Finchè c'è la salute (Deluxe Edition)","2007-02-16",44,0.463,0.715,0.881,0,0.175,-3.785,0.0366,137.029,5,1,235813,0.965,4,"28U1sUQKKGGFY8e4SPfHfr","classic italian pop",NA,NA,NA,NA,NA,NA,NA,NA,NA
"Un giudice","Fabrizio De André","Non Al Denaro, Non All'Amore, Ne Al Cielo","1971-10-17",52,0.89,0.627,0.157,9e-04,0.0846,-16.367,0.106,156.135,9,0,175880,0.677,3,"4UsYN68FV4laJT0ppCswS3","canzone d'autore","canzone genovese","classic italian pop","folk rock italiano","italian adult pop","musica sarda",NA,NA,NA,NA
"Non Dormire","Noyz Narcos","Non Dormire","2005-01-01",49,0.543,0.729,0.855,0,0.0867,-6.107,0.338,90.557,1,1,221230,0.721,4,"2E2Za7ZEqhAaxDAn4IdIk6","italian hip hop","italian underground hip hop",NA,NA,NA,NA,NA,NA,NA,NA
"They Don't Care About Us","Michael Jackson","HIStory - PAST, PRESENT AND FUTURE - BOOK I","1995-06-16",76,0.205,0.859,0.905,0.00837,0.322,-5.539,0.129,89.946,0,0,284160,0.731,4,"3wuCCNCnBhJlwkIJTBZFiv","r&b","soul",NA,NA,NA,NA,NA,NA,NA,NA
"L'inquilino","Cochi e Renato","Libe-libe-là","1977-12-20",22,0.448,0.848,0.422,0,0.0656,-8.737,0.0402,96.568,0,1,286133,0.817,1,"0HMKSGZSCZXLdHFcDDkFmp","classic italian pop",NA,NA,NA,NA,NA,NA,NA,NA,NA
"Freed From Desire - prod. Molella, Phil Jay","Gala","Come Into My Life (The Album)","1997-11-17",81,0.587,0.704,0.861,0.0615,0.0992,-4.221,0.0493,128.99,2,0,213394,0.636,4,"3u5N55tHf7hXATSQrjBh2q","eurodance","hip house","italo dance",NA,NA,NA,NA,NA,NA,NA
"Verano Zombie","Noyz Narcos","Non Dormire","2005-01-01",47,0.117,0.489,0.762,0,0.0918,-6.424,0.345,122.265,7,1,242906,0.445,5,"64lAuSz0vPFFK4IAFlENnU","italian hip hop","italian underground hip hop",NA,NA,NA,NA,NA,NA,NA,NA
"Il testamento","Fabrizio De André","Volume 3","1968",38,0.81,0.648,0.468,0,0.122,-11.59,0.116,124.52,9,1,224760,0.89,4,"12jDm9yrUZIH2533e3w6pV","canzone d'autore","canzone genovese","classic italian pop","folk rock italiano","italian adult pop","musica sarda",NA,NA,NA,NA
"M.A.R.C.I.O. - 2022 Remastered","Mondo Marcio","Mondo Marcio (2022 Remastered)","2004-05-01",26,0.134,0.419,0.68,0,0.624,-5.373,0.272,77.024,7,1,324173,0.61,4,"7qVeJ7OmgMmhwAXsDkTJyV","italian hip hop","italian underground hip hop",NA,NA,NA,NA,NA,NA,NA,NA
"Runaway Train (2022 Remaster)","Soul Asylum","Grave Dancers Union (2022 Remaster)","1992-10-06",73,0.0132,0.613,0.72,0,0.104,-7.957,0.0425,117.341,0,1,266560,0.561,4,"3TW48DvQ7ChwY1Yy1tkMaP","alternative rock","grunge","permanent wave","pop rock","post-grunge",NA,NA,NA,NA,NA
"Me and Bobby McGee","Janis Joplin","Pearl (Legacy Edition)","1971-01-11",72,0.303,0.43,0.463,5.84e-05,0.152,-10.96,0.0442,93.405,2,1,271333,0.66,4,"1IqFh00G2kvvMm8pRMpehA","album rock","classic rock","hard rock","psychedelic rock","rock",NA,NA,NA,NA,NA
"Il gorilla","Fabrizio De André","Volume 3","1968",45,0.85,0.624,0.535,4.21e-06,0.117,-13.341,0.0676,118.202,6,1,178000,0.863,4,"7mlOO9JBY4vhzK7PniqUK8","canzone d'autore","canzone genovese","classic italian pop","folk rock italiano","italian adult pop","musica sarda",NA,NA,NA,NA
"Tieni duro! - 2022 Remastered","Mondo Marcio","Mondo Marcio (2022 Remastered)","2004-05-01",42,0.0691,0.704,0.746,7.17e-06,0.388,-3.586,0.218,92.066,11,1,235733,0.534,3,"1Uw9UJ25oqXVbld6BbmIsk","italian hip hop","italian underground hip hop",NA,NA,NA,NA,NA,NA,NA,NA
"Vengo Anch'Io No Tu No","Enzo Jannacci","No, Tu No","1997-09-29",41,0.49,0.698,0.51,0,0.111,-11.93,0.0825,109.535,4,0,183266,0.927,4,"7DUs0muJGnpQ4g8N4xC35S","canzone d'autore","classic italian pop","folk rock italiano","italian adult pop","musica lombarda",NA,NA,NA,NA,NA
"Comfortably Numb - 2011 Remastered Version","Pink Floyd","The Wall (Remastered)","1979-11-30",70,0.153,0.479,0.309,0.22,0.134,-14.751,0.0299,127.155,11,0,379213,0.182,4,"7Fg4jpwpkdkGCvq1rrXnvx","album rock","art rock","classic rock","progressive rock","psychedelic rock","rock","symphonic rock",NA,NA,NA
"Un matto - Dietro Ogni Scemo C'è Un Villaggio","Fabrizio De André","Non Al Denaro, Non All'Amore, Ne Al Cielo","1971-10-17",47,0.62,0.513,0.468,1.63e-05,0.13,-13.042,0.0976,117.067,11,1,155880,0.884,4,"6MCNOQr2m6Efzkj7S1Qrnh","canzone d'autore","canzone genovese","classic italian pop","folk rock italiano","italian adult pop","musica sarda",NA,NA,NA,NA
"Take Five","The Dave Brubeck Quartet","Time Out","1959-12-14",70,0.539,0.454,0.26,0.00078,0.0675,-13.193,0.0401,174.322,8,0,324133,0.598,5,"1YQWosTIljIvxAgHWTp7KP","bebop","jazz","jazz quartet",NA,NA,NA,NA,NA,NA,NA
"This Is The Life","Amy Macdonald","This Is The Life (eDeluxe)","2007-01-01",81,0.259,0.628,0.882,0,0.065,-5.024,0.0323,95.083,1,0,184413,0.853,4,"2T3jgoAMbBXiMMD8pSc6QL","scottish singer-songwriter",NA,NA,NA,NA,NA,NA,NA,NA,NA
"Minnie the Moocher (From ""The Blues Brothers"")","London Theatre Orchestra & Cast","Shows: West End","2015-04-01",34,0.0728,0.593,0.559,0,0.376,-6.336,0.0647,104.178,4,0,190960,0.659,4,"7tvelxS6JoQwjuz244yJiU",NA,NA,NA,NA,NA,NA,NA,NA,NA,NA
"La Morte","Fabrizio De André","Volume 1","1967",31,0.861,0.587,0.129,7.32e-05,0.485,-18.138,0.335,81.47,1,0,142146,0.639,4,"38qc1rExP2T0ySIEvmCWpz","canzone d'autore","canzone genovese","classic italian pop","folk rock italiano","italian adult pop","musica sarda",NA,NA,NA,NA
"Riders In The Sky","Lawrence Welk","The Lawrence Welk Collection: Lawrence Welk & His Champagne Music 1938-62","2019-03-08",44,0.177,0.429,0.761,0.768,0.746,-10.341,0.0486,141.988,10,1,114520,0.697,4,"3bFBK6fbAERXYDtdBKCQOn","easy listening","polka",NA,NA,NA,NA,NA,NA,NA,NA
"L'altro mondo","Mondo Marcio","Cose dell'altro Mondo Marcio (Special Edition)","2013-06-25",19,0.258,0.667,0.575,0.000891,0.112,-8.023,0.291,189.979,6,1,245200,0.477,4,"5SOcCqU9SnBYcgu4XUofKm","italian hip hop","italian underground hip hop",NA,NA,NA,NA,NA,NA,NA,NA
"Bodega","Noyz Narcos","Non Dormire","2005-01-01",37,0.00552,0.684,0.784,0,0.137,-5.434,0.364,94.87,2,1,221300,0.746,4,"3DbmgQpNuK61GkSjZNB4f3","italian hip hop","italian underground hip hop",NA,NA,NA,NA,NA,NA,NA,NA
"Dolcenera","Fabrizio De André","Anime Salve","1996-10-17",51,0.177,0.68,0.492,5.63e-05,0.201,-8.359,0.0436,125.827,11,0,297786,0.595,4,"1DFFUsN49AUonUcTiQNnjI","canzone d'autore","canzone genovese","classic italian pop","folk rock italiano","italian adult pop","musica sarda",NA,NA,NA,NA
"Message In A Bottle","The Police","Reggatta De Blanc (Remastered 2003)","1979-10-02",79,0.0338,0.577,0.808,1.33e-05,0.221,-7.04,0.039,151.008,1,0,290280,0.869,4,"1oYYd2gnWZYrt89EBXdFiO","album rock","classic rock","permanent wave","rock",NA,NA,NA,NA,NA,NA
"The Passenger","Iggy Pop","Lust For Life","1977-08-29",74,0.0947,0.498,0.889,1.62e-06,0.733,-5.413,0.0546,134.88,0,1,283360,0.696,4,"15BQ7vEDv2LJuh8TxWIhtd","alternative rock","glam rock","permanent wave","protopunk","rock",NA,NA,NA,NA,NA
"Ho Visto Un Re","Enzo Jannacci","Enzo Jannacci - I Miti","2000-09-01",45,0.485,0.745,0.61,0,0.344,-9.333,0.309,139.304,2,1,239906,0.897,4,"2ZVohWP6HSpLeoXGvcQWgh","canzone d'autore","classic italian pop","folk rock italiano","italian adult pop","musica lombarda",NA,NA,NA,NA,NA
"Canzone intelligente","Cochi e Renato","Finchè c'è la salute (Deluxe Edition)","2007-02-16",35,0.316,0.719,0.774,0,0.206,-3.792,0.0377,135,0,1,164186,0.936,4,"5pHxNnUvlzYsJc9WI4irxv","classic italian pop",NA,NA,NA,NA,NA,NA,NA,NA,NA
"Parallel Universe","Red Hot Chili Peppers","Californication (Deluxe Edition)","1999-06-08",66,0.00107,0.343,0.983,0.296,0.0708,-2.359,0.212,124.536,0,0,269360,0.186,4,"1Se0r96r0gnqg67kJPmESc","alternative rock","funk metal","funk rock","permanent wave","rock",NA,NA,NA,NA,NA
"Society","Eddie Vedder","Into The Wild (Music For The Motion Picture)","2007-09-18",70,0.902,0.561,0.327,0.000469,0.111,-10.835,0.0327,161.858,11,0,236306,0.298,4,"3bHhUEOTIbezeZ856R0BX5","acoustic rock","grunge","permanent wave",NA,NA,NA,NA,NA,NA,NA
"Calypso Blues","Calypso Rose","So Calypso !","2018-05-25",55,0.0604,0.946,0.49,4.79e-05,0.0468,-7.989,0.0901,129.947,2,0,260120,0.768,4,"26Myj8FOTQdBMqfSUCwfzB","calypso","trinidadian reggae",NA,NA,NA,NA,NA,NA,NA,NA
"La ballata del Miché","Fabrizio De André","Volume 3","1968",45,0.331,0.372,0.31,0,0.0432,-13.369,0.127,199.772,6,0,172213,0.556,3,"6BJNuw4us7jjIpJHFWbeKh","canzone d'autore","canzone genovese","classic italian pop","folk rock italiano","italian adult pop","musica sarda",NA,NA,NA,NA
"Boom Boom","John Lee Hooker","Burnin'","1962-01-01",63,0.62,0.441,0.455,0.00187,0.135,-14.207,0.0485,160.9,10,1,152350,0.918,4,"2Mr1bGI2E10K7Mt1UJZ6Mw","blues","blues rock","british blues","delta blues","electric blues","memphis blues","traditional blues",NA,NA,NA
"Brucia marcio brucia","Mondo Marcio","Cose dell'altro Mondo Marcio (Special Edition)","2013-06-25",22,0.396,0.627,0.675,0,0.339,-6.331,0.258,91.744,9,0,274746,0.428,4,"6VOutD4s9NIoZDRrHS7d5d","italian hip hop","italian underground hip hop",NA,NA,NA,NA,NA,NA,NA,NA
"Butterfly Knife","Noyz Narcos","Non Dormire","2005-01-01",56,0.573,0.695,0.759,0,0.0726,-4.746,0.498,91.445,4,0,231266,0.748,4,"4vYvY3M4ZtJrS03KqtjYUv","italian hip hop","italian underground hip hop",NA,NA,NA,NA,NA,NA,NA,NA
"Telegraph Road","Dire Straits","Love Over Gold","1982-09-20",60,0.0152,0.381,0.59,0.464,0.169,-10.108,0.0321,123.272,2,0,858133,0.282,4,"0Bg100ruK1ZD7H96rNo6fR","album rock","classic rock","mellow gold","rock",NA,NA,NA,NA,NA,NA
"Shake a Tail Feather (feat. Ray Charles)","The Blues Brothers","The Blues Brothers Original Motion Picture Soundtrack","1980",55,0.444,0.664,0.8,0.000711,0.113,-7.376,0.0805,159.351,2,1,170733,0.898,4,"4L2laOh04x7g7WjEtY8PkZ","blues","blues rock",NA,NA,NA,NA,NA,NA,NA,NA
"Dentro a un sogno - 2022 Remastered","Mondo Marcio","Mondo Marcio (2022 Remastered)","2004-05-01",28,0.0812,0.747,0.592,3.34e-06,0.166,-5.325,0.22,84.005,7,1,246626,0.472,4,"6JblEbaoSSj5gP3p2KEPnx","italian hip hop","italian underground hip hop",NA,NA,NA,NA,NA,NA,NA,NA
"Shine On You Crazy Diamond, Pts. 1-5 - 2011 Remaster","Pink Floyd","Wish You Were Here (Remastered Version)","1975-09-12",66,0.738,0.27,0.214,0.661,0.117,-15.779,0.029,135.869,7,0,810293,0.0445,3,"32dnKMni3I3gwUbWp4mi45","album rock","art rock","classic rock","progressive rock","psychedelic rock","rock","symphonic rock",NA,NA,NA
"Sultans Of Swing","Dire Straits","Dire Straits","1978-10-07",84,0.0614,0.733,0.794,0.0367,0.33,-10.023,0.0307,148.174,5,1,348400,0.931,4,"37Tmv4NnfQeb0ZgUC4fOJj","album rock","classic rock","mellow gold","rock",NA,NA,NA,NA,NA,NA
"Days Are Forgotten","Kasabian","Velociraptor!","2011",30,0.0013,0.588,0.96,0.000306,0.135,-5.216,0.0933,105.009,9,1,302613,0.321,4,"4KWdechHPcWx4NOjb0ICk6","britpop","garage rock","leicester indie","modern rock","rock",NA,NA,NA,NA,NA
