"track.name","artists","track.album.name","track.album.release_date","track.duration_ms","track.popularity","acousticness","danceability","energy","instrumentalness","liveness","loudness","speechiness","tempo","key","mode","track.duration_ms","valence","time_signature","track.id","genre_1","genre_2","genre_3","genre_4","genre_5","genre_6","genre_7","genre_8","genre_9","genre_10","genre_11","genre_12","genre_13"
"MOLOTOV","Lazza","SIRIO","2022-04-07",160204,67,0.265,0.613,0.96,0,0.24,-4.343,0.0542,159.98,5,0,160204,0.669,4,"6SQmh0L5icrThwGDTeLkg1","italian hip hop","italian pop","rap genovese","trap italiana",NA,NA,NA,NA,NA,NA,NA,NA,NA
"Alcool & Acqua (feat. PSICOLOGI)","Bresh","ORO BLU","2022-03-04",171437,60,0.198,0.703,0.706,0,0.121,-7.32,0.161,120.027,8,1,171437,0.705,4,"4UpCWcaJdu26OxLwxd3baF","italian hip hop","italian pop","rap genovese",NA,NA,NA,NA,NA,NA,NA,NA,NA,NA
"Soli assieme","Nashley","Soli assieme","2021-04-30",162104,51,0.473,0.621,0.616,0,0.554,-6.881,0.126,174.01,4,1,162104,0.797,4,"6W8sIhqfWYgwzYvwRUQ9iG","italian hip hop",NA,NA,NA,NA,NA,NA,NA,NA,NA,NA,NA,NA
"Mon Amour - Remix","zzoilo","Mon Amour (Remix)","2021-08-18",179940,81,0.122,0.748,0.761,6.56e-06,0.0984,-6.621,0.102,116.041,2,1,179940,0.362,4,"5TMLavqGRKNxgzMBrVpC9R","latin pop",NA,NA,NA,NA,NA,NA,NA,NA,NA,NA,NA,NA
"Estate E Sto Qua","Cranio Randagio","COME IL RE LEONE","2018-10-30",219506,46,0.132,0.741,0.596,0,0.111,-7.239,0.145,82.026,9,0,219506,0.343,4,"24VPqE1o9anleLDbaLAvE5","italian hip hop",NA,NA,NA,NA,NA,NA,NA,NA,NA,NA,NA,NA
"Andrea","Bresh","Andrea","2022-02-18",185125,47,0.281,0.367,0.596,0,0.125,-8.04,0.118,175.658,11,0,185125,0.325,3,"03j2Lo97VCDprSk8oLb8Gi","italian hip hop","italian pop","rap genovese",NA,NA,NA,NA,NA,NA,NA,NA,NA,NA
"LA STREGA DEL FRUTTETO (feat. chiello & Madame)","Sick Luke","LA STREGA DEL FRUTTETO (feat. chiello & Madame)","2021-11-04",185031,37,0.212,0.776,0.838,0,0.31,-5.919,0.0538,120.015,9,1,185031,0.672,4,"6rJ9urIYzdm6JObJzYTIbL","italian hip hop","trap italiana",NA,NA,NA,NA,NA,NA,NA,NA,NA,NA,NA
"5 Gocce (feat. Rkomi)","Irama","Il giorno in cui ho smesso di pensare","2022-02-25",160000,68,0.279,0.742,0.808,9.85e-06,0.325,-5.206,0.059,74.992,4,1,160000,0.846,4,"3z0GeNGWyVduziP1cQ0mFN","italian adult pop","italian pop",NA,NA,NA,NA,NA,NA,NA,NA,NA,NA,NA
"FORTUNA","Ghali","Sensazione ultra","2022-05-20",165866,49,0.00569,0.708,0.767,2.49e-05,0.119,-5.687,0.05,154.986,8,0,165866,0.776,4,"0b53fWGqxHfsdyzkwlEFFl","italian hip hop","italian pop","milan indie",NA,NA,NA,NA,NA,NA,NA,NA,NA,NA
"Il meglio di te","Bresh","Il meglio di te","2022-07-22",157013,53,0.104,0.722,0.592,9.89e-06,0.293,-6.161,0.0805,81.989,4,0,157013,0.552,4,"2eTXrwuncNqUOAxw2YJ8lv","italian hip hop","italian pop","rap genovese",NA,NA,NA,NA,NA,NA,NA,NA,NA,NA
"PIOVE (feat. Sfera Ebbasta)","Lazza","SIRIO","2022-04-07",155862,70,0.232,0.381,0.627,0,0.0803,-5.446,0.114,187.835,4,0,155862,0.458,5,"6BUueuMQR4k7CuoMEsnGou","italian hip hop","italian pop","rap genovese","trap italiana",NA,NA,NA,NA,NA,NA,NA,NA,NA
"Petrolio","Cranio Randagio","Love & Feelings","2016-03-18",244986,43,0.0862,0.655,0.777,0,0.104,-6.931,0.234,82.692,9,1,244986,0.561,4,"4cIhVpYKR5i33FVLIZH59k","italian hip hop",NA,NA,NA,NA,NA,NA,NA,NA,NA,NA,NA,NA
"Dove vai?","chiello","Dove vai?","2022-06-23",176318,38,0.332,0.624,0.742,0,0.162,-6.353,0.0752,151.93,8,1,176318,0.85,4,"0e3n1N8wVe7FeGA5v0TNTJ","italian hip hop",NA,NA,NA,NA,NA,NA,NA,NA,NA,NA,NA,NA
"MOSAICI (feat. Gaia & Carl Brave)","Sick Luke","X2","2022-01-07",199115,42,0.172,0.673,0.538,0,0.11,-7.092,0.0651,138.141,5,0,199115,0.452,4,"3Jm3tqkbHKfXlfwayEF38h","italian hip hop","trap italiana",NA,NA,NA,NA,NA,NA,NA,NA,NA,NA,NA
"PANICO (feat. Takagi & Ketra)","Lazza","SIRIO","2022-04-07",188564,71,0.0615,0.788,0.731,0,0.0997,-6.082,0.047,127.03,4,0,188564,0.258,4,"0SsUOrXUM2gZxVLYizZfQZ","italian hip hop","italian pop","rap genovese","trap italiana",NA,NA,NA,NA,NA,NA,NA,NA,NA
"Giovani Wannabe","Pinguini Tattici Nucleari","Giovani Wannabe","2022-05-27",212966,63,0.0409,0.739,0.81,0,0.122,-5.317,0.0311,127.972,11,0,212966,0.948,4,"7iLuBTHJSXM2HalKHFqEEy","bergamo indie","italian indie pop","italian pop","milan indie",NA,NA,NA,NA,NA,NA,NA,NA,NA
"Threesome","Canova","Threesome","2017-05-26",211486,47,0.0409,0.529,0.896,0,0.076,-4.084,0.0697,127.935,9,1,211486,0.451,4,"1uJlpcJU3IgM5pMxXWccz0","italian alternative","italian indie pop","milan indie",NA,NA,NA,NA,NA,NA,NA,NA,NA,NA
"Nostalgia","BLANCO","Nostalgia","2022-06-02",182307,64,0.0372,0.644,0.904,0,0.0767,-3.749,0.0605,130.061,0,1,182307,0.562,4,"22gH5Qg5j5ZzF7LaR7Nrkj","italian hip hop","italian pop",NA,NA,NA,NA,NA,NA,NA,NA,NA,NA,NA
"THATS WHAT I WANT","Lil Nas X","MONTERO","2021-09-17",143901,83,0.00614,0.737,0.846,0,0.0486,-4.51,0.22,87.981,1,0,143901,0.546,4,"0e8nrvls4Qqv5Rfa2UhqmO","lgbtq+ hip hop",NA,NA,NA,NA,NA,NA,NA,NA,NA,NA,NA,NA
"Io non abito al mare","Francesca Michielin","2640","2018-01-12",192626,53,0.273,0.442,0.709,5.38e-06,0.092,-5.236,0.134,72.434,0,1,192626,0.309,4,"2awDnmL1D9cyIJFVruAQcF","italian adult pop","italian pop",NA,NA,NA,NA,NA,NA,NA,NA,NA,NA,NA
"Cigarette Daydreams","Cage The Elephant","Melophobia","2013-10-08",208760,77,0.0807,0.636,0.676,0,0.0831,-3.442,0.0263,113.98,2,1,208760,0.273,4,"6jHvX8ZnHKC1PnrPMJ0Emt","modern alternative rock","modern rock","pov: indie","punk blues","rock",NA,NA,NA,NA,NA,NA,NA,NA
"Sundress","A$AP Rocky","Sundress","2018-11-20",158205,80,0.181,0.721,0.707,3.68e-06,0.143,-6.364,0.0595,125.005,6,1,158205,0.743,4,"2aPTvyE09vUCRwVvj0I8WK","east coast hip hop","hip hop","rap","trap",NA,NA,NA,NA,NA,NA,NA,NA,NA
"Stelle","Fabri Fibra","Caos","2022-03-18",186106,47,0.00323,0.638,0.921,0,0.185,-4.428,0.112,120.004,8,0,186106,0.621,4,"66AUa1k42pssdUkFCDOhC8","italian hip hop","italian pop","rap napoletano",NA,NA,NA,NA,NA,NA,NA,NA,NA,NA
"Magnifico (feat. Francesca Michielin)","Fedez","Pop-hoolista","2014-10-14",203746,63,0.3,0.675,0.686,0,0.108,-7.927,0.0542,92.027,0,1,203746,0.359,4,"3DmjHN1btW4dRtgwm7FdO2","italian adult pop","italian pop",NA,NA,NA,NA,NA,NA,NA,NA,NA,NA,NA
"Pensando a lei","Shiva","Pensando a lei","2022-02-11",176245,59,0.0551,0.79,0.68,0,0.0761,-6.787,0.223,143.046,1,1,176245,0.61,4,"4Yi4RRhp3nfKR1FDbXlHBp","italian hip hop","italian pop","trap italiana",NA,NA,NA,NA,NA,NA,NA,NA,NA,NA
"GIORNATE NOIOSE","ARIETE","SPECCHIO","2022-02-24",156306,42,0.0324,0.611,0.622,0,0.248,-5.132,0.0273,94.998,0,0,156306,0.703,4,"1NtpWsXJY3b2Cmmu2wWmQH","italian hip hop","italian pop","rome indie",NA,NA,NA,NA,NA,NA,NA,NA,NA,NA
"Seignosse","Rhove","Seignosse","2022-02-18",176426,55,0.192,0.919,0.591,8.22e-06,0.1,-5.668,0.245,104.959,10,0,176426,0.159,4,"1aHWdsWQooVkRhZL2oU8m2","italian hip hop","italian pop","trap italiana",NA,NA,NA,NA,NA,NA,NA,NA,NA,NA
"La Presa B e La Presa Male (feat. Francesca Michielin)","Bresh","ORO BLU","2022-03-04",195452,47,0.362,0.699,0.473,0,0.11,-8.033,0.0772,86.502,5,1,195452,0.0983,4,"16TaDfuh9aueJJY96mFdXw","italian hip hop","italian pop","rap genovese",NA,NA,NA,NA,NA,NA,NA,NA,NA,NA
"Camelot","Leon Faun","C'era una volta","2021-06-24",129427,46,0.0139,0.436,0.837,0,0.141,-5.228,0.0872,140.413,1,1,129427,0.604,4,"4i1qmWjOWq2VP1janRNBVv","italian hip hop",NA,NA,NA,NA,NA,NA,NA,NA,NA,NA,NA,NA
"FIORI MORTI","PSICOLOGI","TRAUMA","2022-04-28",136313,52,0.12,0.46,0.76,0,0.261,-5.729,0.131,175.968,1,1,136313,0.642,4,"0Yoizi4nA5CE4d52jRwvld","italian hip hop","italian pop","rome indie",NA,NA,NA,NA,NA,NA,NA,NA,NA,NA
"TUTTO (con te)","ARIETE","TUTTO (con te)","2022-06-16",178660,48,0.259,0.72,0.72,0,0.184,-5.871,0.0722,124.002,6,1,178660,0.424,4,"08Hacl2rWl6GD6TKUyaKIy","italian hip hop","italian pop","rome indie",NA,NA,NA,NA,NA,NA,NA,NA,NA,NA
"Marciapiede (con Tony Effe, Ernia & Rkomi)","Night Skinny","Botox","2022-10-04",156827,46,0.264,0.48,0.569,0,0.317,-7.514,0.187,87.115,2,0,156827,0.32,4,"73vDLslbbGUsK4MvX99pWQ","italian hip hop","rap siciliano","trap italiana",NA,NA,NA,NA,NA,NA,NA,NA,NA,NA
"Come le balene","Postino","Latte di soia","2018-07-06",226440,28,0.615,0.381,0.703,2.28e-06,0.149,-6.018,0.0516,92.016,10,1,226440,0.149,4,"35VdWbXXNZ0t0zlU0IK4V5","italian indie pop",NA,NA,NA,NA,NA,NA,NA,NA,NA,NA,NA,NA
"SUI MURI","PSICOLOGI","TRAUMA","2022-04-28",181529,60,0.739,0.422,0.477,0,0.255,-8.12,0.0384,76.183,11,1,181529,0.39,4,"1pz0bN7LWZZLTx5odixW7a","italian hip hop","italian pop","rome indie",NA,NA,NA,NA,NA,NA,NA,NA,NA,NA
"CASTELLI DI LENZUOLA","ARIETE","SPECCHIO","2022-02-24",184253,53,0.589,0.602,0.556,0,0.185,-5.967,0.0337,99.977,0,1,184253,0.186,4,"6hLEPly11XS3mFlG9AyO4T","italian hip hop","italian pop","rome indie",NA,NA,NA,NA,NA,NA,NA,NA,NA,NA
"Sulla Giostra","Fabri Fibra","Caos","2022-03-18",205026,41,0.019,0.629,0.576,0,0.104,-7.735,0.156,79.112,5,0,205026,0.765,4,"01l8BJl6CoFQaR3RFliOD9","italian hip hop","italian pop","rap napoletano",NA,NA,NA,NA,NA,NA,NA,NA,NA,NA
"Di nascosto","Albert","Di nascosto","2022-05-06",165537,17,0.567,0.869,0.689,1.41e-06,0.0633,-5.19,0.125,115.945,6,1,165537,0.931,4,"3KlHmSAsL45GRkuJ2UmVWG",NA,NA,NA,NA,NA,NA,NA,NA,NA,NA,NA,NA,NA
"Chega","Gaia","Nuova Genesi","2020-05-22",184706,52,0.583,0.838,0.563,2.58e-06,0.134,-6.415,0.114,140.037,9,0,184706,0.764,4,"76w5oLSdgYvA0Bt4dTUe0Z","italian adult pop","italian pop",NA,NA,NA,NA,NA,NA,NA,NA,NA,NA,NA
"abcdefu","GAYLE","abcdefu","2021-08-13",168601,82,0.299,0.695,0.54,0,0.367,-5.692,0.0493,121.932,4,1,168601,0.415,4,"4fouWK6XVHhzl78KzQ1UjL","modern alternative pop",NA,NA,NA,NA,NA,NA,NA,NA,NA,NA,NA,NA
"Pronti Al Peggio","Fabri Fibra","Caos","2022-03-18",204973,43,0.0501,0.652,0.815,0,0.368,-6.345,0.0439,140.056,9,0,204973,0.447,4,"1OCDA2RhtGn6HRvpqq7FgV","italian hip hop","italian pop","rap napoletano",NA,NA,NA,NA,NA,NA,NA,NA,NA,NA
"Dove sei","Neffa","Molto calmo","2013-06-18",239946,55,0.142,0.41,0.787,0,0.181,-6.573,0.0425,84.836,5,0,239946,0.627,4,"694LrzNH8SUIpNumvdOyAW","italian adult pop","italian pop","italian underground hip hop","rap napoletano",NA,NA,NA,NA,NA,NA,NA,NA,NA
"Senza Una Direzione","Cranio Randagio","COME IL RE LEONE","2018-10-30",223893,36,0.0606,0.681,0.788,0,0.0917,-7.181,0.22,99.889,6,0,223893,0.594,4,"7i2QnxezaiCtoDoZBkbPSV","italian hip hop",NA,NA,NA,NA,NA,NA,NA,NA,NA,NA,NA,NA
"Ramenez la coupe à la maison","Vegedream","Ramenez la coupe à la maison","2018-07-19",235555,71,0.0358,0.808,0.661,0,0.138,-6.237,0.0395,107.992,0,0,235555,0.804,4,"45eY7Qi2PDUs8WJEhjGWdN","french hip hop","pop urbaine","r&b francais",NA,NA,NA,NA,NA,NA,NA,NA,NA,NA
"Mamma Non Mi Parla","NASKA","REBEL (Deluxe)","2022-09-23",169764,38,0.000519,0.42,0.947,0,0.0905,-3.277,0.172,84.72,11,1,169764,0.334,4,"6oeVsiBAeioivlD0i1T3au","emo rap italiano",NA,NA,NA,NA,NA,NA,NA,NA,NA,NA,NA,NA
"Caffè","Bresh","ORO BLU","2022-03-04",189025,56,0.0291,0.644,0.755,0,0.0809,-6.768,0.0422,94.529,8,1,189025,0.58,4,"2WoqekZTPdDdiJ1RgSldUT","italian hip hop","italian pop","rap genovese",NA,NA,NA,NA,NA,NA,NA,NA,NA,NA
"Domani smetto","Articolo 31","Domani smetto","2002-03-22",157640,57,0.296,0.655,0.956,0,0.445,-2.632,0.142,97.991,0,1,157640,0.946,4,"138buFk4Rh1sVSs5iysbYz","italian adult pop","italian underground hip hop","rap italiano old school",NA,NA,NA,NA,NA,NA,NA,NA,NA,NA
"Rituali","Angelina Mango","Rituali","2022-10-14",174886,49,0.0716,0.656,0.719,1.79e-05,0.219,-7.458,0.0838,175.973,1,1,174886,0.665,4,"12fveSAiznR97Gemr3MsGW","italian pop",NA,NA,NA,NA,NA,NA,NA,NA,NA,NA,NA,NA
"TUTTE LE SERE (feat. ARIETE)","bnkr44","FARSI MALE A NOI VA BENE","2021-11-25",185053,44,0.312,0.535,0.659,0,0.12,-6.013,0.0442,159.849,0,0,185053,0.55,4,"4sJ4ZAKEuMe2qtvOtN7UcB","hyperpop italiano",NA,NA,NA,NA,NA,NA,NA,NA,NA,NA,NA,NA
"Margherita","Dígame","Margherita","2020-03-20",171126,32,0.537,0.854,0.544,0,0.0877,-7.916,0.0547,92.041,10,1,171126,0.897,4,"0kqkg9z52Oxu1KmfuxHSEf","rap napoletano",NA,NA,NA,NA,NA,NA,NA,NA,NA,NA,NA,NA
"Love/Hate Letter To Alcohol (with Fleet Foxes)","Post Malone","Twelve Carat Toothache (Deluxe)","2022-06-07",183816,26,0.045,0.3,0.566,0.004,0.281,-7.044,0.0378,107.99,4,0,183816,0.0394,4,"2qNR3D19mC0nbODSm84DUX","dfw rap","melodic rap","pop","rap",NA,NA,NA,NA,NA,NA,NA,NA,NA
"Intro (Cielo)","Fabri Fibra","Caos","2022-03-18",144520,48,0.0768,0.325,0.629,0,0.243,-5.782,0.0822,86.693,2,0,144520,0.171,4,"7luFLdyoCkAyNZm3BEGAAT","italian hip hop","italian pop","rap napoletano",NA,NA,NA,NA,NA,NA,NA,NA,NA,NA
"L'ultima notte","ARIETE","L'ultima notte","2021-05-03",157566,65,0.268,0.618,0.687,0,0.126,-5.603,0.0446,94.037,2,1,157566,0.398,4,"63mdY4U0KvnbMkUEc7FHN8","italian hip hop","italian pop","rome indie",NA,NA,NA,NA,NA,NA,NA,NA,NA,NA
"Mezzanotte in Punto (con Franco126, Ketama126 & Bresh)","Night Skinny","Botox","2022-10-04",237656,51,0.441,0.484,0.575,7.98e-06,0.137,-7.326,0.129,83.802,7,1,237656,0.333,4,"2ppZvuaUPZftMUZ5PZQ1Qd","italian hip hop","rap siciliano","trap italiana",NA,NA,NA,NA,NA,NA,NA,NA,NA,NA
"Non lasciarmi cadere","chiello","OCEANO PARADISO","2021-10-14",146223,48,0.86,0.437,0.309,0,0.155,-9.561,0.0405,131.012,2,1,146223,0.309,4,"3j6JJZs12M8UBx8b9GZ9T1","italian hip hop",NA,NA,NA,NA,NA,NA,NA,NA,NA,NA,NA,NA
"LIMBO (feat. Gemitaiz)","Lazza","J","2020-07-16",159154,53,0.186,0.866,0.653,1.62e-05,0.087,-5.389,0.163,134.039,4,0,159154,0.514,4,"0xs15y7PkGlS49he9RbUZu","italian hip hop","italian pop","rap genovese","trap italiana",NA,NA,NA,NA,NA,NA,NA,NA,NA
"Notti In Bianco","BLANCO","Notti In Bianco","2020-07-23",176400,58,0.355,0.58,0.778,0,0.0769,-4.141,0.0473,150.096,6,1,176400,0.612,4,"38UoVEHcZ85EGBo6k79643","italian hip hop","italian pop",NA,NA,NA,NA,NA,NA,NA,NA,NA,NA,NA
"Fake (con Geolier & Luchè)","Night Skinny","Botox","2022-10-04",177504,50,0.102,0.54,0.651,1.01e-06,0.182,-8.327,0.276,79.011,11,0,177504,0.225,4,"1eOMMRfHqMQHqirJ7JNoVb","italian hip hop","rap siciliano","trap italiana",NA,NA,NA,NA,NA,NA,NA,NA,NA,NA
"FARSI MALE A NOI VA BENE","bnkr44","FARSI MALE A NOI VA BENE","2021-11-25",210120,26,0.49,0.495,0.583,0,0.0601,-9.172,0.0962,155.956,9,1,210120,0.362,4,"5jyLuKDNy590NIm9thsxRF","hyperpop italiano",NA,NA,NA,NA,NA,NA,NA,NA,NA,NA,NA,NA
"Una Cosa Sola (feat. Shablo)","Irama","Il giorno in cui ho smesso di pensare","2022-07-01",178285,27,0.0635,0.795,0.812,0,0.114,-4.329,0.0505,104.989,0,1,178285,0.605,4,"4TNVpkVnqjkOXhGEWNigss","italian adult pop","italian pop",NA,NA,NA,NA,NA,NA,NA,NA,NA,NA,NA
"Dedicato A Te","Le Vibrazioni","Le Vibrazioni","2003-05-12",208466,62,0.224,0.491,0.769,0,0.0971,-7.575,0.0275,98.039,0,1,208466,0.349,4,"4DxU9yKktJVQXhcLxjh67j","classic italian pop","italian adult pop","italian pop",NA,NA,NA,NA,NA,NA,NA,NA,NA,NA
"Gente che spera (feat. Reverendo)","Articolo 31","Domani smetto","2002-03-22",248546,54,0.611,0.692,0.701,0,0.0757,-4.048,0.113,92.913,0,1,248546,0.96,4,"31cPyWXo1UdKJsEt4PEWDQ","italian adult pop","italian underground hip hop","rap italiano old school",NA,NA,NA,NA,NA,NA,NA,NA,NA,NA
"A un passo da te","MINACELENTANO","Le migliori","2016-11-11",271360,57,0.239,0.64,0.862,0,0.0891,-2.796,0.356,181.711,5,0,271360,0.459,4,"7rl7TNsfJiJJ3BY47peVSm",NA,NA,NA,NA,NA,NA,NA,NA,NA,NA,NA,NA,NA
"Big City Life","Mattafix","Signs Of A Struggle","2005",240893,68,0.0175,0.7,0.62,3.3e-06,0.0891,-9.36,0.0797,173.998,2,1,240893,0.739,4,"2oHsYkh2Vc9OXRyLXLUinC","reggae fusion",NA,NA,NA,NA,NA,NA,NA,NA,NA,NA,NA,NA
"OSSA ROTTE","Rkomi","OSSA ROTTE","2022-06-16",205621,40,0.0361,0.588,0.826,0,0.134,-4.211,0.242,93.146,1,1,205621,0.597,4,"4cvyHBayAxsUTXjv717mVL","italian hip hop","italian pop",NA,NA,NA,NA,NA,NA,NA,NA,NA,NA,NA
"Sei ottavi","Rino Gaetano","Aida","1977-03-21",199866,51,0.679,0.481,0.353,0,0.149,-14.957,0.0349,97.387,8,1,199866,0.662,4,"4g6BNLYlAei2bppoe5Z3gK","canzone d'autore","classic italian pop","italian adult pop",NA,NA,NA,NA,NA,NA,NA,NA,NA,NA
"Ciao Ciao","La rappresentante di lista","Ciao Ciao","2022-02-02",184311,58,0.125,0.747,0.819,2.61e-06,0.331,-4.602,0.134,117.994,4,0,184311,0.637,4,"0jLeyuu6mtsD384054xLah","indie siciliano","italian adult pop","italian alternative","italian indie pop","italian pop",NA,NA,NA,NA,NA,NA,NA,NA
"Cooped Up (with Roddy Ricch)","Post Malone","Cooped Up","2022-05-12",185857,68,0.038,0.669,0.773,0,0.113,-5.619,0.153,93.923,0,1,185857,0.377,4,"7DwcBgdzqhFJltEaV1XF81","dfw rap","melodic rap","pop","rap",NA,NA,NA,NA,NA,NA,NA,NA,NA
"SOGNI MATTI (feat. Leon Faun & Drast)","Sick Luke","X2","2022-01-07",197009,55,0.229,0.513,0.655,0,0.208,-5.732,0.278,80.589,7,1,197009,0.297,4,"3eSSVIw9YbVm1SLNxqtdjR","italian hip hop","trap italiana",NA,NA,NA,NA,NA,NA,NA,NA,NA,NA,NA
"Vieni nel mio cuore","Ultimo","Vieni nel mio cuore","2022-05-25",172761,58,0.248,0.677,0.66,0,0.177,-7.104,0.0462,127.087,1,1,172761,0.253,4,"0OHD6Ask31KqVqxge0OwlG","italian adult pop","italian pop",NA,NA,NA,NA,NA,NA,NA,NA,NA,NA,NA
"PER AVERTI (feat. Rkomi)","Dylan","PER AVERTI (feat. Rkomi)","2022-09-01",207058,47,0.0399,0.698,0.675,0,0.406,-5.158,0.145,124.932,5,0,207058,0.679,4,"6oHLm5t10rVyFzTdYu0xGx","italian hip hop","trap italiana",NA,NA,NA,NA,NA,NA,NA,NA,NA,NA,NA
"Poi si romperanno","chiello","OCEANO PARADISO","2021-10-14",167668,41,0.196,0.546,0.807,0,0.0934,-6.825,0.0441,169.997,11,1,167668,0.558,4,"33sckT4uvJVp7cHITx8f2E","italian hip hop",NA,NA,NA,NA,NA,NA,NA,NA,NA,NA,NA,NA
"Veleno","Guè","GVESVS","2021-12-10",194106,62,0.24,0.793,0.772,3.15e-06,0.145,-6.005,0.0422,94.998,2,1,194106,0.674,4,"5b5LAmQZx3mKmhL7PQGegi","italian hip hop","italian pop",NA,NA,NA,NA,NA,NA,NA,NA,NA,NA,NA
"Heat Waves","Glass Animals","Dreamland","2020-08-07",238805,91,0.44,0.761,0.525,6.7e-06,0.0921,-6.9,0.0944,80.87,11,1,238805,0.531,4,"3USxtqRwSYz57Ewm6wWRMp","gauze pop","indietronica","modern rock","pov: indie","shiver pop",NA,NA,NA,NA,NA,NA,NA,NA
"Diavolo (con Ghali, Rkomi, Tedua & bnkr44)","Night Skinny","Botox","2022-10-04",230483,54,0.158,0.712,0.657,0,0.14,-6.965,0.143,90.022,9,1,230483,0.557,4,"0CPailVeTy4L39Zaiuopap","italian hip hop","rap siciliano","trap italiana",NA,NA,NA,NA,NA,NA,NA,NA,NA,NA
"Vanchiglia","Errico Canta Male","Quartieri, Vol. 1","2016",212626,31,0.313,0.617,0.949,0,0.194,-5.12,0.0539,130.197,0,1,212626,0.718,4,"39IDCj1BPtxvtyzqMoOblA",NA,NA,NA,NA,NA,NA,NA,NA,NA,NA,NA,NA,NA
"Come A Little Closer","Cage The Elephant","Melophobia","2013-10-08",229346,71,0.0265,0.44,0.778,1.04e-06,0.151,-1.786,0.0327,148.038,1,0,229346,0.304,4,"7oWbeO9v3Cfs900q7JhLAs","modern alternative rock","modern rock","pov: indie","punk blues","rock",NA,NA,NA,NA,NA,NA,NA,NA
"Tazza di te","Galeffi","Scudetto","2017-11-24",145176,51,0.0913,0.73,0.655,0,0.0772,-5.182,0.141,149.942,0,1,145176,0.246,4,"0vrmJ3WdKnbBhtMszRS1Fq","italian indie pop","rome indie",NA,NA,NA,NA,NA,NA,NA,NA,NA,NA,NA
"Blu","Postino","Latte di soia","2018-07-06",231853,48,0.229,0.469,0.533,0,0.105,-5.58,0.0321,76.039,9,0,231853,0.142,4,"58Tml7P9dP7aGplLopXFds","italian indie pop",NA,NA,NA,NA,NA,NA,NA,NA,NA,NA,NA,NA
"Visti Dall'Alto (feat. Dardust)","Rkomi","Dove Gli Occhi Non Arrivano","2019-03-22",196253,52,0.139,0.44,0.587,0,0.0903,-8.337,0.0851,83.39,10,0,196253,0.594,4,"50Im1CDeBfRbJUPacCEIOS","italian hip hop","italian pop",NA,NA,NA,NA,NA,NA,NA,NA,NA,NA,NA
"Hypnotized","Purple Disco Machine","Hypnotized","2020-04-08",195657,67,0.0968,0.69,0.813,0.000324,0.109,-5.084,0.0997,108.078,11,0,195657,0.704,4,"0vWUhCPxpJOJR5urYbZypB","deep house","house",NA,NA,NA,NA,NA,NA,NA,NA,NA,NA,NA
"Eclissi (feat. Neffa)","Gemitaiz","Eclissi","2022-05-12",160457,52,0.288,0.607,0.551,0.0138,0.165,-6.964,0.0804,175.033,1,0,160457,0.24,4,"2hgeR92aGWwz0ymQfwbIk8","italian hip hop",NA,NA,NA,NA,NA,NA,NA,NA,NA,NA,NA,NA
"Sbatti","Gazzelle","Punk","2018-11-30",197293,55,0.0569,0.59,0.72,0,0.242,-3.418,0.031,75.983,3,1,197293,0.588,4,"35B5JfaaAYdlOdiZ0NE6QX","italian adult pop","italian pop","rome indie",NA,NA,NA,NA,NA,NA,NA,NA,NA,NA
"I'm Good (Blue)","David Guetta","I'm Good (Blue)","2022-08-26",175238,92,0.00383,0.561,0.965,7.07e-06,0.371,-3.673,0.0343,128.04,7,0,175238,0.304,4,"4uUG5RXrOk84mYEfFvj3cK","big room","dance pop","edm","pop","pop dance",NA,NA,NA,NA,NA,NA,NA,NA
"Mille guerre","ARIETE","18 anni","2020-12-03",137562,56,0.537,0.538,0.579,0,0.165,-6.986,0.114,166.053,6,1,137562,0.616,5,"3CXFLrWD9LoyPbKPTSUkQH","italian hip hop","italian pop","rome indie",NA,NA,NA,NA,NA,NA,NA,NA,NA,NA
"uNa DiReZioNe giUsTa","yungest Moonstar","uNa DiReZioNe giUsTa","2021-07-30",215516,60,0.303,0.409,0.647,0,0.332,-7.698,0.212,196.426,10,1,215516,0.523,4,"1ktyKCzfI8hooCJP3X2yP5",NA,NA,NA,NA,NA,NA,NA,NA,NA,NA,NA,NA,NA
"LA DOLCE VITA","Fedez","LA DOLCE VITA","2022-06-03",187862,62,0.0124,0.737,0.858,0,0.382,-3.589,0.0527,144.991,8,1,187862,0.919,4,"0I0b7uTFfHhBz5bMkSDouF","italian adult pop","italian pop",NA,NA,NA,NA,NA,NA,NA,NA,NA,NA,NA
"GIRASOLE","bnkr44","FARSI MALE A NOI VA BENE 2.0","2022-05-26",197453,31,0.532,0.682,0.89,0,0.152,-4.986,0.0563,140.119,1,0,197453,0.827,4,"0wW7yRFcQrhXNjBwfcm1Gw","hyperpop italiano",NA,NA,NA,NA,NA,NA,NA,NA,NA,NA,NA,NA
"Bad Liar","Imagine Dragons","Origins (Deluxe)","2018-11-09",260773,83,0.0722,0.383,0.637,0,0.368,-6.993,0.0703,177.913,3,1,260773,0.0827,4,"2RSHsoi04658QL5xgQVov3","modern rock","pop","rock",NA,NA,NA,NA,NA,NA,NA,NA,NA,NA
"I'm Still Here (Jim's Theme) - From ""Treasure Planet""/Soundtrack Version","James Newton Howard","Treasure Planet","2002-01-01",251466,61,0.000403,0.531,0.597,0.00105,0.063,-9.004,0.0324,110.791,9,1,251466,0.33,3,"6BfOhpHADzrvKN2kMPTMPv","orchestral soundtrack","soundtrack",NA,NA,NA,NA,NA,NA,NA,NA,NA,NA,NA
"La Mia Hit - feat. Max Pezzali","J-AX","La Mia Hit (feat. Max Pezzali)","2020-01-10",212640,37,0.0623,0.689,0.853,0,0.26,-6.11,0.0742,100.078,8,1,212640,0.701,4,"7weRU1RLH8sZDqLBQho082","italian adult pop","italian pop",NA,NA,NA,NA,NA,NA,NA,NA,NA,NA,NA
"Tuttecose","Gazzelle","OK UN CAZZO","2021-12-10",197956,63,0.198,0.661,0.64,0,0.125,-4.52,0.0479,83.027,0,1,197956,0.659,4,"4c4uR3sZVgX9Y0OxCzhzwO","italian adult pop","italian pop","rome indie",NA,NA,NA,NA,NA,NA,NA,NA,NA,NA
"Bolivia","Francesca Michielin","2640","2018-01-12",216026,34,0.0883,0.617,0.745,5.66e-05,0.198,-5.083,0.0684,79.038,1,0,216026,0.205,4,"0TRqqwkNZaJ6aJ6277kbbu","italian adult pop","italian pop",NA,NA,NA,NA,NA,NA,NA,NA,NA,NA,NA
"Brividi","Mahmood","Brividi","2022-02-02",199146,65,0.448,0.523,0.614,0,0.254,-4.435,0.0347,122.962,7,1,199146,0.342,4,"1ZMGp9MTXbtAPvcKa0U3zS","italian adult pop","italian pop",NA,NA,NA,NA,NA,NA,NA,NA,NA,NA,NA
"Mi Ci Metto","SWF","Mi Ci Metto","2020-02-13",219617,8,0.524,0.764,0.775,0,0.0747,-5.206,0.105,159.99,5,0,219617,0.738,4,"0ZuZdad9GPh8GYF87ngarh",NA,NA,NA,NA,NA,NA,NA,NA,NA,NA,NA,NA,NA
"Vacation","The Go-Go's","Vacation","1982",179826,57,0.0875,0.5,0.823,0,0.316,-8.64,0.0264,156.79,4,1,179826,0.88,4,"0oc7YoWV783fGr2GbdcIrz","album rock","candy pop","classic rock","girl group","heartland rock","jangle pop","mellow gold","new romantic","new wave","new wave pop","permanent wave","singer-songwriter","soft rock"
"Piazze Di Spaccio","Niko Pandetta","RICORSO INAMMISSIBILE","2022-10-21",159705,37,0.189,0.779,0.597,0,0.167,-8.42,0.219,135.859,10,0,159705,0.767,4,"5OM6WlodeEkDSByQf3tSt2","neomelodici",NA,NA,NA,NA,NA,NA,NA,NA,NA,NA,NA,NA
"Sai Cosa C’è","BLANCO","Blu Celeste","2021-09-09",149050,53,0.217,0.502,0.778,0,0.0756,-4.029,0.113,157.923,3,1,149050,0.687,4,"3NI4VgVswVf503sOiZvv4m","italian hip hop","italian pop",NA,NA,NA,NA,NA,NA,NA,NA,NA,NA,NA
"7 su 7","NASKA","REBEL","2022-03-04",147586,50,0.00246,0.443,0.895,0,0.318,-4.85,0.198,183.147,11,1,147586,0.801,4,"2E27zWyPLrjq2d38bOC2Xn","emo rap italiano",NA,NA,NA,NA,NA,NA,NA,NA,NA,NA,NA,NA
"Comunicare","Francesca Michielin","2640","2018-01-12",261346,25,0.0547,0.66,0.898,0.000125,0.804,-5.157,0.2,169.962,1,1,261346,0.532,4,"2sgyFHDeT1l5Qp5CukMHNp","italian adult pop","italian pop",NA,NA,NA,NA,NA,NA,NA,NA,NA,NA,NA
"Ma il cielo è sempre più blu","Rino Gaetano","Istantanee & tabù","2021-06-25",271560,57,0.14,0.648,0.69,0,0.232,-7.959,0.0518,145.781,11,0,271560,0.723,4,"7vAzIVfyFp8hOVCOQChwA0","canzone d'autore","classic italian pop","italian adult pop",NA,NA,NA,NA,NA,NA,NA,NA,NA,NA
"MANCARSI","Coma_Cose","HYPE AURA","2019-03-15",229120,52,0.418,0.691,0.579,0,0.104,-5.076,0.0411,145.905,2,1,229120,0.343,4,"0yWpMaNFL4IV5rUGqAjOGt","italian adult pop","italian alternative","italian indie pop","italian pop","milan indie",NA,NA,NA,NA,NA,NA,NA,NA
